chr,start,end,length,abs_summit,pileup,separation,fold_enrichment,-LOG10(qvalue),name
1,1530303,1531956,1654,1530585,41.06,0,7.01052,19.02382,p10_peak_5
1,8064129,8065680,1552,8065046,33.65,6532173,6.09373,12.99911,p10_peak_9
1,8079014,8079604,591,8079335,15.97,13334,6.3417,6.34126,p10_peak_15
1,8456803,8457477,675,8457222,16.54,377199,6.16279,6.67944,p10_peak_25
1,8468110,8469959,1850,8469362,17.68,10633,6.98113,8.15424,p10_peak_28
1,8472074,8473019,946,8472764,16.54,2115,6.55485,7.24145,p10_peak_29
1,12493427,12494457,1031,12493910,15.97,4020408,6.27551,6.29913,p10_peak_55
1,18200371,18201805,1435,18201103,17.68,5705914,6.76614,7.87418,p10_peak_93
1,23426697,23427234,538,23427019,16.54,5224892,6.35298,6.97076,p10_peak_122
1,23903064,23904480,1417,23904133,21.67,475830,8.21218,11.80528,p10_peak_126
1,26324399,26325336,938,26324653,28.52,2419919,6.69602,12.32593,p10_peak_141
1,27097526,27099878,2353,27098541,26.23,772190,8.04429,14.14826,p10_peak_151
1,27325803,27332563,6761,27331636,42.2,225925,6.46763,17.90603,p10_peak_157
1,32045573,32046071,499,32045828,41.06,4713010,7.58714,20.53262,p10_peak_185
1,44287655,44288372,718,44288015,18.25,12241584,7.19427,9.11355,p10_peak_283
1,44793253,44794199,947,44793550,23.38,504881,9.11255,14.4017,p10_peak_289
1,46378935,46379562,628,46379308,15.4,1584736,6.12856,6.34126,p10_peak_298
1,54303920,54304371,452,54304113,123.19,7924358,6.20947,51.11071,p10_peak_325
1,55392158,55392624,467,55392378,21.67,1087787,8.47313,12.21211,p10_peak_330
1,55968913,55969929,1017,55969068,17.68,576289,6.98113,8.15424,p10_peak_336
1,56184088,56185370,1283,56184494,22.81,214159,8.89941,13.29311,p10_peak_340
1,59049793,59050912,1120,59050509,17.68,2864423,6.98113,8.15424,p10_peak_349
1,59220774,59221555,782,59221300,16.54,169862,6.55485,7.24145,p10_peak_351
1,60171313,60172118,806,60171915,16.54,949758,6.55485,7.24145,p10_peak_372
1,60196121,60197446,1326,60196740,18.25,24003,7.11918,9.0173,p10_peak_374
1,64385954,64386683,730,64386097,15.97,4188508,6.3417,6.34126,p10_peak_392
1,64508043,64508495,453,64508284,16.54,121360,6.55485,7.24145,p10_peak_394
1,65383068,65383770,703,65383551,17.11,874573,6.30032,7.46247,p10_peak_400
1,65398963,65399387,425,65399146,17.68,15193,6.22665,7.06685,p10_peak_401
1,66930210,66930812,603,66930558,15.4,1530823,6.12856,6.34126,p10_peak_404
1,68256960,68257992,1033,68257616,17.11,1326148,6.03654,7.06685,p10_peak_423
1,68577421,68579460,2040,68578159,15.4,319429,6.12856,6.34126,p10_peak_429
1,68639193,68641185,1993,68639831,20.53,59733,8.04684,11.15768,p10_peak_433
1,71545997,71547190,1194,71546855,81.56,2904812,20.63898,78.41821,p10_peak_444
1,76251257,76252248,992,76251764,55.32,4704067,14.08028,43.90654,p10_peak_447
1,77980100,77980951,852,77980671,15.97,1727852,6.21029,6.21651,p10_peak_449
1,84831369,84831880,512,84831588,17.11,6850418,6.69735,8.07455,p10_peak_462
1,85164156,85164768,613,85164373,16.54,332276,6.55485,7.24145,p10_peak_467
1,85779988,85780744,757,85780254,20.53,615220,7.96285,11.02858,p10_peak_478
1,85793830,85795070,1241,85794859,18.82,13086,7.25391,8.90234,p10_peak_483
1,85795718,85796917,1200,85796682,17.68,648,6.69724,7.77029,p10_peak_484
1,85986697,85987704,1008,85987083,31.94,189780,7.47232,15.07899,p10_peak_500
1,86010010,86010694,685,86010226,15.97,22306,6.3417,6.34126,p10_peak_506
1,86051521,86053415,1895,86051795,42.77,40827,13.03886,32.55035,p10_peak_515
1,86077135,86078103,969,86077418,19.96,23720,6.98708,8.83518,p10_peak_517
1,87379409,87380116,708,87379880,69.58,1301306,9.73774,41.60686,p10_peak_524
1,89530527,89530916,390,89530666,18.82,2150411,7.3301,9.0173,p10_peak_536
1,90858170,90858658,489,90858416,25.66,1327254,9.96512,16.67859,p10_peak_541
1,94486005,94487059,1055,94486901,15.4,3627347,6.12856,6.34126,p10_peak_571
1,94527078,94527545,468,94527348,16.54,40019,6.55485,7.24145,p10_peak_574
1,94991813,94992464,652,94992298,19.96,464268,7.8337,10.11691,p10_peak_585
1,95112777,95113922,1146,95113548,17.68,120313,6.90827,8.07455,p10_peak_599
1,95329437,95329966,530,95329645,19.96,215515,7.8337,10.11691,p10_peak_608
1,101689067,101689533,467,101689277,17.11,6359101,6.03654,7.06685,p10_peak_640
1,109359137,109359498,362,109359285,17.68,7669604,6.25166,7.09975,p10_peak_647
1,110546459,110547398,940,110546997,15.4,1186961,6.12856,6.34126,p10_peak_668
1,115857445,115857999,555,115857647,15.97,5310047,6.3417,6.34126,p10_peak_696
1,116088679,116089169,491,116088890,20.53,230680,6.05499,7.95818,p10_peak_701
1,120557877,120558526,650,120558111,26.23,4468708,6.80869,11.83564,p10_peak_724
1,120601890,120602481,592,120602075,29.09,43364,8.46073,16.48544,p10_peak_733
1,120674393,120674926,534,120674652,23.38,71912,6.85691,10.57987,p10_peak_741
1,120788588,120789386,799,120788862,27.38,113662,6.04761,10.64773,p10_peak_751
1,121126816,121127971,1156,121127058,26.23,337430,6.80869,11.83564,p10_peak_765
1,143930066,143930958,893,143930265,21.1,22802095,7.68921,11.28534,p10_peak_769
1,143955659,143957111,1453,143956302,16.54,24701,6.35298,6.97076,p10_peak_773
1,143962676,143963577,902,143963040,31.94,5565,8.64151,17.41485,p10_peak_775
1,143973296,143973836,541,143973554,15.4,9719,6.00156,6.21651,p10_peak_777
1,144012218,144013094,877,144012812,29.66,38382,6.30485,11.86412,p10_peak_785
1,144605427,144605829,403,144605653,15.4,592333,6.12856,6.34126,p10_peak_803
1,144606080,144606505,426,144606310,15.97,251,6.3417,6.34126,p10_peak_804
1,144890790,144893502,2713,144892110,27.95,284285,7.23643,12.75511,p10_peak_816
1,145127928,145128715,788,145128473,22.81,234426,6.20126,8.81744,p10_peak_847
1,145159164,145160147,984,145159647,22.24,30449,6.53614,9.66849,p10_peak_855
1,145218979,145219562,584,145219292,29.66,58832,7.53754,14.4017,p10_peak_860
1,145262883,145263640,758,145263342,29.66,43321,7.69882,14.71951,p10_peak_866
1,145292728,145294169,1442,145293117,29.66,29088,6.57361,12.43179,p10_peak_874
1,145312697,145313705,1009,145312921,17.11,18528,6.17823,7.26658,p10_peak_876
1,145316367,145316978,612,145316564,18.25,2662,6.69714,8.35704,p10_peak_878
1,145324605,145325637,1033,145324734,15.4,7627,6.12856,6.34126,p10_peak_883
1,145330935,145332127,1193,145331512,17.11,5298,6.03654,7.06685,p10_peak_885
1,145346424,145346832,409,145346614,16.54,14297,6.48643,7.15465,p10_peak_894
1,147012727,147013246,520,147012955,30.23,1665895,6.2454,12.32497,p10_peak_914
1,147751940,147752390,451,147752189,28.52,738694,9.18016,17.05176,p10_peak_915
1,148008757,148010568,1812,148010332,15.97,256367,6.27551,6.29913,p10_peak_918
1,151283410,151284845,1436,151284346,18.82,3272842,7.3301,9.0173,p10_peak_968
1,151299779,151300513,735,151300022,87.26,14934,8.82591,48.54169,p10_peak_970
1,151973777,151974278,502,151974106,18.25,673264,6.44253,7.98036,p10_peak_979
1,153662515,153662829,315,153662585,19.39,1688237,6.69696,8.68161,p10_peak_985
1,157938559,157939417,859,157939062,16.54,4275730,6.55485,7.24145,p10_peak_1017
1,157988730,157990137,1408,157989652,23.38,49313,9.11255,14.4017,p10_peak_1022
1,160187374,160189831,2458,160189383,18.25,2197237,7.19427,9.11355,p10_peak_1036
1,161195389,161196088,700,161195831,16.54,1005558,6.48643,7.15465,p10_peak_1040
1,163005588,163006104,517,163005946,15.4,1809500,6.12856,6.34126,p10_peak_1054
1,164558081,164558626,546,164558356,20.53,1551977,6.05499,7.95818,p10_peak_1059
1,164571785,164572329,545,164572166,17.68,13159,6.22665,7.06685,p10_peak_1060
1,164717511,164718253,743,164718019,17.11,145182,6.03654,7.06685,p10_peak_1063
1,167760678,167761720,1043,167761462,19.96,3042425,7.01514,8.87872,p10_peak_1075
1,172878288,172879448,1161,172879232,19.39,5116568,7.46264,9.88111,p10_peak_1099
1,172897334,172897717,384,172897452,17.68,17886,6.90827,8.07455,p10_peak_1101
1,172920796,172921643,848,172921489,17.11,23079,6.06079,7.09975,p10_peak_1104
1,173091907,173093008,1102,173092642,17.11,170264,6.76799,8.15424,p10_peak_1106
1,173174406,173175247,842,173174747,17.11,81398,6.76799,8.15424,p10_peak_1108
1,173175940,173176520,581,173176212,15.4,693,6.12856,6.34126,p10_peak_1109
1,177895607,177896296,690,177896025,17.68,4719087,6.22665,7.06685,p10_peak_1119
1,181063612,181065731,2120,181065063,19.39,3167316,7.62056,10.11691,p10_peak_1137
1,181081289,181082132,844,181081727,23.38,15558,6.7491,10.38213,p10_peak_1140
1,184160229,184160696,468,184160468,17.11,3078097,6.03654,7.06685,p10_peak_1165
1,184253004,184253774,771,184253264,17.11,92308,6.76799,8.15424,p10_peak_1166
1,192528135,192528825,691,192528626,15.97,8274361,6.3417,6.34126,p10_peak_1178
1,198905890,198906607,718,198906446,15.97,6377065,6.3417,6.34126,p10_peak_1187
1,201605046,201606091,1046,201605649,17.11,2698439,6.76799,8.15424,p10_peak_1223
1,201609227,201610454,1228,201610235,18.82,3136,6.4495,7.70239,p10_peak_1224
1,202508128,202508636,509,202508384,17.68,897674,6.98113,8.15424,p10_peak_1245
1,202547283,202549148,1866,202548646,17.11,38647,6.76799,8.15424,p10_peak_1248
1,202558289,202559100,812,202558880,21.67,9141,6.53227,9.05885,p10_peak_1253
1,204263359,204263844,486,204263562,20.53,1704259,6.05499,7.95818,p10_peak_1264
1,205091052,205091690,639,205091328,84.98,827208,16.34559,70.51925,p10_peak_1275
1,206078522,206078947,426,206078754,18.82,986832,7.3301,9.0173,p10_peak_1294
1,206088225,206088871,647,206088537,26.81,9278,6.30787,10.58793,p10_peak_1296
1,206094531,206095284,754,206094794,15.97,5660,6.3417,6.34126,p10_peak_1298
1,206121052,206121466,415,206121284,17.68,25768,6.13503,6.93246,p10_peak_1303
1,206164756,206165224,469,206165025,16.54,43290,6.55485,7.24145,p10_peak_1306
1,210612389,210613301,913,210613053,17.68,4447165,6.69724,7.77029,p10_peak_1345
1,215130280,215131588,1309,215130900,20.53,4516979,8.04684,11.15768,p10_peak_1370
1,218653103,218653709,607,218653284,15.4,3521515,6.0646,6.29913,p10_peak_1380
1,218671528,218672348,821,218671913,15.4,17819,6.12856,6.34126,p10_peak_1382
1,221130589,221130910,322,221130778,17.68,2458241,6.98113,8.15424,p10_peak_1390
1,222167682,222168099,418,222167894,15.4,1036772,6.12856,6.34126,p10_peak_1407
1,223966142,223966791,650,223966344,15.4,1798043,6.12856,6.34126,p10_peak_1427
1,224517740,224518226,487,224517975,97.52,550949,6.56833,42.21063,p10_peak_1430
1,225266284,225266808,525,225266541,48.48,748058,18.29781,46.59504,p10_peak_1435
1,225669395,225670692,1298,225670284,19.96,402587,6.51942,8.12408,p10_peak_1437
1,231663957,231664428,472,231664193,98.67,5993265,11.4981,65.55551,p10_peak_1487
1,233248265,233249497,1233,233248813,17.11,1583837,6.76799,8.15424,p10_peak_1494
1,234947301,234948244,944,234947976,19.39,1697804,6.82427,8.87872,p10_peak_1512
1,235061504,235062291,788,235062081,18.82,113260,6.05764,7.09975,p10_peak_1514
1,235153474,235154484,1011,235153690,16.54,91183,6.48643,7.15465,p10_peak_1523
1,243690983,243691454,472,243691232,21.67,8536499,7.5574,10.74758,p10_peak_1538
1,246034838,246035632,795,246035233,16.54,2343384,6.55485,7.24145,p10_peak_1552
2,207066,207612,547,207335,22.81,0,8.89941,13.29311,p10_peak_6298
2,1217660,1218640,981,1218161,58.74,1010048,14.93577,47.67896,p10_peak_6301
2,1870244,1870655,412,1870394,15.97,651604,6.3417,6.34126,p10_peak_6309
2,12461141,12461848,708,12461278,16.54,10590486,6.55485,7.24145,p10_peak_6354
2,15309633,15310715,1083,15310116,16.54,2847785,6.55485,7.24145,p10_peak_6358
2,20019235,20019685,451,20019480,15.97,4708520,6.3417,6.34126,p10_peak_6385
2,28021257,28022815,1559,28021828,22.81,8001572,6.34197,9.06048,p10_peak_6420
2,28509404,28509714,311,28509541,17.68,486589,6.02268,6.75804,p10_peak_6430
2,28624398,28625216,819,28624661,17.68,114684,6.3728,7.26658,p10_peak_6436
2,30484862,30486858,1997,30486021,21.67,1859646,7.51631,10.68315,p10_peak_6472
2,30495966,30496651,686,30496375,18.25,9108,6.38187,7.89431,p10_peak_6476
2,30878536,30879312,777,30879015,15.97,381885,6.3417,6.34126,p10_peak_6489
2,33358174,33360060,1887,33359483,19.96,2478862,6.98708,8.83518,p10_peak_6504
2,36695507,36695997,491,36695786,16.54,3335447,6.55485,7.24145,p10_peak_6526
2,36703983,36705192,1210,36704172,15.4,7986,6.12856,6.34126,p10_peak_6528
2,36757519,36758282,764,36758024,17.68,52327,6.22665,7.06685,p10_peak_6552
2,36761014,36761731,718,36761599,15.4,2732,6.12856,6.34126,p10_peak_6553
2,36765079,36765699,621,36765352,17.11,3348,6.76799,8.15424,p10_peak_6556
2,36766176,36766944,769,36766359,19.96,477,6.98708,8.83518,p10_peak_6557
2,36768755,36770186,1432,36769841,18.25,1811,7.19427,9.11355,p10_peak_6559
2,36780629,36781464,836,36781237,17.68,10443,6.98113,8.15424,p10_peak_6561
2,36782222,36782602,381,36782395,17.11,758,6.76799,8.15424,p10_peak_6562
2,36783245,36783762,518,36783410,18.82,643,7.40741,9.11355,p10_peak_6563
2,36786608,36787153,546,36786964,16.54,2846,6.55485,7.24145,p10_peak_6564
2,37617113,37618421,1309,37617304,17.11,829960,6.30032,7.46247,p10_peak_6570
2,37686866,37687504,639,37687156,16.54,68445,6.55485,7.24145,p10_peak_6576
2,37852531,37853161,631,37852779,15.97,165027,6.3417,6.34126,p10_peak_6585
2,37864678,37865618,941,37865387,19.96,11517,7.8337,10.11691,p10_peak_6587
2,37915776,37916547,772,37916325,19.39,50158,7.62056,10.11691,p10_peak_6595
2,37998342,37999279,938,37998696,21.1,81795,7.68921,11.28534,p10_peak_6599
2,38002829,38004721,1893,38004095,18.25,3550,7.19427,9.11355,p10_peak_6600
2,38056441,38057237,797,38056606,17.11,51720,6.76799,8.15424,p10_peak_6607
2,38315696,38316188,493,38315952,25.66,258459,6.66611,10.93072,p10_peak_6611
2,40354415,40354934,520,40354560,16.54,2038227,6.55485,7.24145,p10_peak_6638
2,42588318,42588730,413,42588532,103.23,2233384,7.72289,51.61993,p10_peak_6657
2,43478064,43478805,742,43478671,17.68,889334,6.98113,8.15424,p10_peak_6665
2,46300207,46301175,969,46300703,15.97,2821402,6.27551,6.29913,p10_peak_6681
2,46687799,46689136,1338,46688920,15.97,386624,6.3417,6.34126,p10_peak_6692
2,55459054,55460223,1170,55459647,78.13,8769918,15.04448,63.01925,p10_peak_6759
2,64997590,64998176,587,64998037,21.67,9537367,6.58616,9.12876,p10_peak_6772
2,65006204,65006716,513,65006451,17.11,8028,6.17823,7.26658,p10_peak_6773
2,65604622,65605227,606,65604901,18.82,597906,7.40741,9.11355,p10_peak_6785
2,67115834,67116559,726,67116319,15.4,1510607,6.12856,6.34126,p10_peak_6806
2,67727822,67728201,380,67728006,17.11,611263,6.76799,8.15424,p10_peak_6811
2,67729819,67730667,849,67730434,15.4,1618,6.00156,6.21651,p10_peak_6813
2,67843896,67844189,294,67844012,15.97,113229,6.27551,6.29913,p10_peak_6817
2,68384474,68385029,556,68384811,107.22,540285,8.19106,56.16899,p10_peak_6820
2,70314102,70314593,492,70314363,99.24,1929073,11.19703,65.22598,p10_peak_6850
2,74147925,74149054,1130,74148417,19.39,3833332,6.57432,8.47574,p10_peak_6855
2,84720800,84721271,472,84721019,17.11,10571746,6.76799,8.15424,p10_peak_6867
2,85777148,85777739,592,85777428,21.1,1055877,6.69673,9.61685,p10_peak_6891
2,87254490,87255908,1419,87255771,15.4,1476751,6.12856,6.34126,p10_peak_6905
2,87546184,87546609,426,87546331,18.82,290276,7.10619,8.68517,p10_peak_6907
2,87552334,87552719,386,87552499,15.97,5725,6.3417,6.34126,p10_peak_6909
2,87745007,87745471,465,87745254,16.54,192288,6.55485,7.24145,p10_peak_6911
2,87745834,87746175,342,87745980,18.25,363,6.41676,7.94466,p10_peak_6912
2,87758054,87759315,1262,87759116,21.1,11879,6.69673,9.61685,p10_peak_6919
2,88480521,88481285,765,88480866,52.47,721206,19.9828,52.73384,p10_peak_6940
2,88899573,88899964,392,88899792,15.97,418288,6.3417,6.34126,p10_peak_6941
2,100481493,100481998,506,100481775,15.4,11581529,6.12856,6.34126,p10_peak_6962
2,100498330,100498962,633,100498587,19.39,16332,7.62056,10.11691,p10_peak_6964
2,101358612,101360041,1430,101359273,23.95,859650,8.31783,12.77157,p10_peak_6975
2,109270804,109271354,551,109271040,19.39,7910763,6.23194,7.9484,p10_peak_7032
2,110653518,110656294,2777,110653948,17.68,1382164,6.22665,7.06685,p10_peak_7050
2,111231456,111233014,1559,111232722,19.39,575162,6.69696,8.68161,p10_peak_7060
2,112152782,112153630,849,112153103,18.82,919768,6.60686,7.94466,p10_peak_7075
2,112173359,112173996,638,112173626,17.68,19729,6.49873,7.46247,p10_peak_7077
2,112229419,112230310,892,112230053,18.82,55423,6.69705,8.07486,p10_peak_7083
2,112248229,112249668,1440,112248690,17.11,17919,6.03654,7.06685,p10_peak_7087
2,114309286,114309949,664,114309721,15.97,2059618,6.3417,6.34126,p10_peak_7117
2,120861509,120861882,374,120861682,18.82,6551560,7.40741,9.11355,p10_peak_7129
2,138721361,138721778,418,138721577,15.97,17859479,6.27551,6.29913,p10_peak_7175
2,149381497,149381804,308,149381552,17.11,10659719,6.76799,8.15424,p10_peak_7189
2,150454097,150454523,427,150454244,15.97,1072293,6.3417,6.34126,p10_peak_7190
2,150505022,150505597,576,150505389,16.54,50499,6.55485,7.24145,p10_peak_7191
2,151328664,151329194,531,151328903,17.68,823067,6.22665,7.06685,p10_peak_7196
2,151332831,151333191,361,151332990,15.97,3637,6.3417,6.34126,p10_peak_7198
2,151888860,151889533,674,151889276,17.68,555669,6.98113,8.15424,p10_peak_7206
2,155433492,155434000,509,155433758,46.77,3543959,9.55326,27.70949,p10_peak_7213
2,155511287,155511765,479,155511540,27.38,77287,9.45847,17.08295,p10_peak_7214
2,159887283,159887926,644,159887596,22.24,4375518,7.74751,11.75306,p10_peak_7222
2,161692905,161693448,544,161693174,16.54,1804979,6.55485,7.24145,p10_peak_7238
2,161776996,161777897,902,161777403,18.82,83548,6.60686,7.94466,p10_peak_7240
2,163100973,163101649,677,163101128,15.97,1323076,6.27551,6.29913,p10_peak_7254
2,173647989,173648438,450,173648184,17.68,10546340,6.69724,7.77029,p10_peak_7265
2,175307450,175307793,344,175307584,16.54,1659012,6.16279,6.67944,p10_peak_7277
2,185462007,185462731,725,185462368,17.11,10154214,6.36319,7.56592,p10_peak_7308
2,191724183,191724639,457,191724430,17.68,6261452,6.90827,8.07455,p10_peak_7323
2,191807018,191807450,433,191807277,17.68,82379,6.98113,8.15424,p10_peak_7325
2,192129517,192130032,516,192129638,15.97,322067,6.3417,6.34126,p10_peak_7341
2,192501836,192502177,342,192502021,15.4,371804,6.12856,6.34126,p10_peak_7351
2,197200156,197201149,994,197200655,15.97,4697979,6.3417,6.34126,p10_peak_7359
2,199142106,199142629,524,199142373,49.62,1940957,12.65448,36.59346,p10_peak_7366
2,201990308,201990875,568,201990747,15.4,2847679,6.12856,6.34126,p10_peak_7382
2,202560948,202561445,498,202561251,17.68,570073,6.22665,7.06685,p10_peak_7390
2,202774376,202775074,699,202774638,21.67,212931,7.30984,10.34037,p10_peak_7400
2,202974405,202975095,691,202974910,16.54,199331,6.48643,7.15465,p10_peak_7405
2,204676258,204677065,808,204676431,17.68,1701163,6.22665,7.06685,p10_peak_7415
2,205415726,205416149,424,205415875,17.68,738661,6.98113,8.15424,p10_peak_7417
2,206578744,206580029,1286,206579065,18.25,1162595,7.19427,9.11355,p10_peak_7437
2,206595776,206596363,588,206596199,17.68,15747,6.07834,6.84332,p10_peak_7438
2,206634826,206635934,1109,206635502,17.68,38463,6.25166,7.09975,p10_peak_7446
2,208121557,208123935,2379,208122566,17.68,1485623,6.22665,7.06685,p10_peak_7463
2,208198757,208200171,1415,208199911,17.11,74822,6.76799,8.15424,p10_peak_7468
2,208337699,208338531,833,208338089,18.25,137528,6.76397,8.46083,p10_peak_7472
2,216219509,216220859,1351,216219762,23.95,7880978,7.90067,12.08777,p10_peak_7475
2,216221218,216222319,1102,216221989,30.23,359,10.55109,20.74622,p10_peak_7476
2,216226646,216227747,1102,216227250,19.39,4327,6.79697,8.83518,p10_peak_7479
2,216228071,216228918,848,216228298,18.82,324,7.40741,9.11355,p10_peak_7480
2,216229002,216229724,723,216229446,15.4,84,6.12856,6.34126,p10_peak_7481
2,216232502,216233200,699,216232686,18.82,2778,7.40741,9.11355,p10_peak_7482
2,216236385,216237270,886,216236799,19.39,3185,6.23194,7.9484,p10_peak_7485
2,216239845,216240557,713,216240373,20.53,2575,6.05499,7.95818,p10_peak_7486
2,216258907,216259603,697,216259075,15.4,18350,6.12856,6.34126,p10_peak_7494
2,216261525,216262032,508,216261736,19.39,1922,7.16476,9.40382,p10_peak_7495
2,216263624,216264185,562,216263948,18.82,1592,6.6334,7.98036,p10_peak_7497
2,216288562,216289149,588,216288932,22.81,24377,7.53953,11.09628,p10_peak_7505
2,216289766,216290412,647,216289969,19.39,617,6.63508,8.57824,p10_peak_7506
2,216489003,216489678,676,216489272,19.39,198591,7.62056,10.11691,p10_peak_7514
2,216629308,216629765,458,216629560,17.11,139630,6.76799,8.15424,p10_peak_7519
2,216796076,216796470,395,216796258,15.97,166311,6.27551,6.29913,p10_peak_7523
2,217533796,217536846,3051,217535762,43.34,737326,7.39073,20.85249,p10_peak_7529
2,218316192,218316898,707,218316690,15.4,779346,6.12856,6.34126,p10_peak_7573
2,218487491,218488167,677,218487680,16.54,170593,6.55485,7.24145,p10_peak_7578
2,221089333,221089736,404,221089541,16.54,2601166,6.55485,7.24145,p10_peak_7605
2,223197295,223197785,491,223197532,31.94,2107559,12.30968,23.93327,p10_peak_7616
2,223520540,223521273,734,223520988,91.82,322755,10.31352,56.59793,p10_peak_7617
2,226944498,226944906,409,226944676,18.25,3423225,7.19427,9.11355,p10_peak_7635
2,227342784,227343458,675,227343095,20.53,397878,8.04684,11.15768,p10_peak_7638
2,228682690,228683656,967,228682915,16.54,1339232,6.55485,7.24145,p10_peak_7645
2,231658595,231659126,532,231658876,18.82,2974939,7.40741,9.11355,p10_peak_7648
2,231921207,231921683,477,231921473,127.18,262081,8.01135,65.38837,p10_peak_7650
2,235459279,235460032,754,235459567,18.25,3537596,6.20656,7.60744,p10_peak_7662
2,235541728,235542623,896,235541988,19.39,81696,6.51467,8.37536,p10_peak_7664
2,235748398,235748969,572,235748718,15.97,205775,6.3417,6.34126,p10_peak_7676
2,235789280,235789869,590,235789703,19.96,40311,6.82065,8.57824,p10_peak_7679
2,238131266,238132108,843,238131547,22.24,2341397,6.0083,8.73878,p10_peak_7721
2,238190253,238191039,787,238190602,15.4,58145,6.12856,6.34126,p10_peak_7731
2,238257070,238257580,511,238257406,19.39,66031,6.69696,8.68161,p10_peak_7758
3,14693134,14693520,387,14693290,15.4,0,6.0646,6.29913,p10_peak_8486
3,15687739,15688124,386,15687937,20.53,994219,6.10374,8.03951,p10_peak_8492
3,16143903,16144319,417,16144095,17.68,455779,6.98113,8.15424,p10_peak_8503
3,16144807,16145440,634,16145071,17.11,488,6.76799,8.15424,p10_peak_8504
3,16517837,16518269,433,16518018,15.4,372397,6.12856,6.34126,p10_peak_8519
3,19350032,19350436,405,19350210,19.39,2831763,7.62056,10.11691,p10_peak_8523
3,19930485,19931207,723,19930870,22.24,580049,7.10346,10.65859,p10_peak_8524
3,27368182,27368678,497,27368407,16.54,7436975,6.55485,7.24145,p10_peak_8534
3,36743132,36743634,503,36743396,18.82,9374454,6.60686,7.94466,p10_peak_8554
3,38125692,38126218,527,38125987,37.64,1382058,6.4402,15.52098,p10_peak_8560
3,38534034,38534532,499,38534278,26.23,407816,9.11471,16.04161,p10_peak_8561
3,45164839,45165620,782,45165366,15.4,6630307,6.12856,6.34126,p10_peak_8580
3,45550223,45551302,1080,45550565,20.53,384603,7.20601,9.81997,p10_peak_8585
3,46976675,46977757,1083,46977134,18.82,1425373,6.50965,7.79678,p10_peak_8600
3,53174227,53174833,607,53174575,17.68,6196470,6.22665,7.06685,p10_peak_8621
3,64172605,64173601,997,64173148,17.68,10997772,6.98113,8.15424,p10_peak_8680
3,64174199,64175366,1168,64175217,19.39,598,7.62056,10.11691,p10_peak_8681
3,66479203,66479917,715,66479458,15.97,2303837,6.21029,6.21651,p10_peak_8701
3,71179490,71179812,323,71179676,17.11,4699573,6.76799,8.15424,p10_peak_8730
3,72940117,72940773,657,72940536,15.4,1760305,6.00156,6.21651,p10_peak_8749
3,73596351,73597100,750,73596572,19.39,655578,6.23194,7.9484,p10_peak_8754
3,98681110,98681579,470,98681356,15.97,25084010,6.3417,6.34126,p10_peak_8774
3,99396583,99397220,638,99396953,17.68,715004,6.83646,7.9719,p10_peak_8780
3,99766326,99767338,1013,99766524,16.54,369106,6.55485,7.24145,p10_peak_8791
3,99834205,99834680,476,99834450,21.1,66867,8.25998,12.21211,p10_peak_8795
3,100755279,100756088,810,100755849,17.11,920599,6.76799,8.15424,p10_peak_8799
3,106787671,106788040,370,106787885,15.4,6031583,6.12856,6.34126,p10_peak_8811
3,107850210,107850716,507,107850462,15.4,1062170,6.12856,6.34126,p10_peak_8818
3,110492298,110492686,389,110492430,15.97,2641582,6.3417,6.34126,p10_peak_8821
3,111456013,111456494,482,111456255,15.4,963327,6.12856,6.34126,p10_peak_8827
3,112109937,112110818,882,112110203,21.1,653443,8.25998,12.21211,p10_peak_8837
3,112391415,112391858,444,112391665,17.68,280597,6.98113,8.15424,p10_peak_8848
3,112400435,112400833,399,112400610,17.11,8577,6.76799,8.15424,p10_peak_8851
3,115079466,115079955,490,115079710,27.38,2678633,9.45847,17.08295,p10_peak_8863
3,119028967,119029655,689,119029198,21.1,3949012,8.17377,12.08144,p10_peak_8870
3,120135800,120136881,1082,120136642,19.96,1106145,7.8337,10.11691,p10_peak_8874
3,120137392,120138484,1093,120137595,15.97,511,6.1464,6.12131,p10_peak_8875
3,123336767,123338596,1830,123337025,17.11,3198283,6.69735,8.07455,p10_peak_8906
3,123338985,123339382,398,123339234,21.67,389,7.5574,10.74758,p10_peak_8907
3,123380334,123381012,679,123380572,15.97,40952,6.3417,6.34126,p10_peak_8913
3,124551367,124551824,458,124551688,15.4,1170355,6.12856,6.34126,p10_peak_8942
3,124597330,124598468,1139,124597941,21.67,45506,7.88763,11.28534,p10_peak_8946
3,124781889,124782620,732,124782371,16.54,183421,6.35298,6.97076,p10_peak_8962
3,126827624,126827979,356,126827856,17.11,2045004,6.03654,7.06685,p10_peak_8970
3,127466720,127467516,797,127467266,19.39,638741,7.38587,9.76105,p10_peak_8973
3,131973747,131974178,432,131973947,17.11,4506231,6.76799,8.15424,p10_peak_8994
3,134070376,134072792,2417,134072089,29.09,2096198,8.26276,16.10674,p10_peak_9001
3,136420917,136421215,299,136420981,21.67,2348125,6.86953,9.61685,p10_peak_9012
3,137797399,137798115,717,137797680,17.11,1376184,6.03654,7.06685,p10_peak_9017
3,140208676,140209138,463,140208923,22.81,2410561,8.80652,13.15127,p10_peak_9028
3,141085138,141086544,1407,141085907,20.53,876000,6.25481,8.2653,p10_peak_9032
3,141128436,141128875,440,141128678,16.54,41892,6.55485,7.24145,p10_peak_9038
3,141167874,141168271,398,141168075,15.97,38999,6.3417,6.34126,p10_peak_9042
3,147016125,147016454,330,147016290,15.4,5847854,6.12856,6.34126,p10_peak_9048
3,149103928,149105117,1190,149104651,27.95,2087474,7.23643,12.75511,p10_peak_9053
3,149864882,149865608,727,149865394,19.96,759765,7.8337,10.11691,p10_peak_9067
3,149901626,149902395,770,149902043,19.96,36018,6.98708,8.83518,p10_peak_9068
3,149952847,149953466,620,149953209,15.97,50452,6.3417,6.34126,p10_peak_9071
3,149953609,149954060,452,149953841,15.4,143,6.12856,6.34126,p10_peak_9072
3,151022627,151023470,844,151023206,18.82,1068567,7.40741,9.11355,p10_peak_9084
3,152190085,152190914,830,152190638,16.54,1166615,6.48643,7.15465,p10_peak_9093
3,153317492,153317890,399,153317704,15.4,1126578,6.12856,6.34126,p10_peak_9096
3,156252946,156254399,1454,156253580,20.53,2935056,8.04684,11.15768,p10_peak_9100
3,158485940,158487237,1298,158486171,16.54,2231541,6.55485,7.24145,p10_peak_9121
3,158488067,158488413,347,158488213,15.4,830,6.12856,6.34126,p10_peak_9122
3,158545497,158545970,474,158545731,21.67,57084,7.5574,10.74758,p10_peak_9124
3,159450208,159450936,729,159450695,17.68,904238,6.98113,8.15424,p10_peak_9127
3,159572199,159572638,440,159572387,17.68,121263,6.98113,8.15424,p10_peak_9133
3,162012924,162013333,410,162013126,15.97,2440286,6.3417,6.34126,p10_peak_9137
3,171135456,171135862,407,171135715,16.54,9122123,6.55485,7.24145,p10_peak_9169
3,171918981,171919575,595,171919324,18.82,783119,7.40741,9.11355,p10_peak_9188
3,177545291,177545995,705,177545721,16.54,5625716,6.35298,6.97076,p10_peak_9221
3,177623280,177623682,403,177623411,16.54,77285,6.55485,7.24145,p10_peak_9225
3,186508084,186508483,400,186508239,19.39,8884402,7.62056,10.11691,p10_peak_9248
3,187672644,187673201,558,187672909,17.68,1164161,6.98113,8.15424,p10_peak_9253
3,187988310,187988910,601,187988470,15.4,315109,6.00156,6.21651,p10_peak_9263
3,187989538,187990455,918,187989770,15.97,628,6.21029,6.21651,p10_peak_9264
3,187992098,187992550,453,187992279,17.11,1643,6.03654,7.06685,p10_peak_9266
3,188066496,188066882,387,188066722,18.25,73946,6.44253,7.98036,p10_peak_9274
3,188296350,188297101,752,188296580,17.11,229468,6.03654,7.06685,p10_peak_9280
3,188514155,188514609,455,188514330,16.54,217054,6.55485,7.24145,p10_peak_9285
3,197676375,197677568,1194,197676961,83.84,9161766,9.42635,48.47737,p10_peak_9310
4,3727852,3728317,466,3728079,23.95,0,7.90067,12.08777,p10_peak_9319
4,7829421,7830063,643,7829915,15.97,4101104,6.08382,6.03312,p10_peak_9336
4,7858280,7859577,1298,7859210,25.09,28217,7.11089,12.05159,p10_peak_9347
4,7865497,7866089,593,7865748,46.2,5920,7.866,23.67694,p10_peak_9350
4,11157557,11158039,483,11157793,24.52,3291468,9.53884,15.53257,p10_peak_9371
4,13908916,13909550,635,13909300,17.11,2750877,6.76799,8.15424,p10_peak_9372
4,15453138,15454315,1178,15453729,15.4,1543588,6.12856,6.34126,p10_peak_9386
4,17325218,17326049,832,17325864,15.4,1870903,6.12856,6.34126,p10_peak_9406
4,24780349,24780952,604,24780620,19.96,7454300,7.8337,10.11691,p10_peak_9416
4,26095239,26096439,1201,26096060,17.11,1314287,6.03654,7.06685,p10_peak_9429
4,38162128,38162899,772,38162365,15.4,12065689,6.12856,6.34126,p10_peak_9453
4,54647955,54649149,1195,54648384,15.4,16485056,6.12856,6.34126,p10_peak_9495
4,54652742,54653557,816,54653102,16.54,3593,6.55485,7.24145,p10_peak_9497
4,54721926,54722675,750,54722404,15.4,68369,6.12856,6.34126,p10_peak_9499
4,54771708,54772534,827,54772184,15.4,49033,6.12856,6.34126,p10_peak_9501
4,57947378,57948418,1041,57948064,17.68,3174844,6.98113,8.15424,p10_peak_9516
4,57985394,57986050,657,57985795,18.25,36976,6.41676,7.94466,p10_peak_9517
4,74738946,74739247,302,74739099,16.54,16752896,6.55485,7.24145,p10_peak_9524
4,77119137,77119609,473,77119385,17.11,2379890,6.03654,7.06685,p10_peak_9533
4,77491329,77491741,413,77491541,17.11,371720,6.76799,8.15424,p10_peak_9537
4,77510807,77511588,782,77511437,17.11,19066,6.69735,8.07455,p10_peak_9538
4,77625545,77625886,342,77625726,16.54,113957,6.48643,7.15465,p10_peak_9541
4,77908121,77909119,999,77908500,15.4,282235,6.12856,6.34126,p10_peak_9551
4,77943777,77944260,484,77944076,15.97,34658,6.27551,6.29913,p10_peak_9560
4,77969356,77969991,636,77969799,18.82,25096,7.40741,9.11355,p10_peak_9562
4,77973129,77973952,824,77973649,25.09,3138,9.45165,16.17881,p10_peak_9563
4,78094017,78094406,390,78094257,15.97,120065,6.27551,6.29913,p10_peak_9565
4,80938074,80938723,650,80938455,17.11,2843668,6.49277,7.77029,p10_peak_9571
4,99437241,99438259,1019,99437649,15.4,18498518,6.12856,6.34126,p10_peak_9596
4,103541226,103542255,1030,103541977,18.25,4102967,6.41676,7.94466,p10_peak_9606
4,106819277,106819560,284,106819509,15.4,3277022,6.12856,6.34126,p10_peak_9610
4,107236759,107238021,1263,107237583,122.62,417199,17.65986,105.07636,p10_peak_9611
4,114383239,114383722,484,114383482,23.95,7145218,6.23837,9.18056,p10_peak_9622
4,114389012,114390038,1027,114389635,21.1,5290,7.39688,10.79669,p10_peak_9623
4,119203018,119203452,435,119203269,20.53,4812980,6.75648,9.0989,p10_peak_9631
4,119888454,119888863,410,119888678,17.68,685002,6.98113,8.15424,p10_peak_9638
4,120447317,120447723,407,120447586,20.53,558454,8.04684,11.15768,p10_peak_9647
4,120970515,120971326,812,120970962,19.39,522792,7.62056,10.11691,p10_peak_9651
4,122610737,122611692,956,122611439,22.81,1639411,8.80652,13.15127,p10_peak_9656
4,124753220,124754222,1003,124753959,25.09,2141528,8.73297,14.94778,p10_peak_9670
4,129438180,129439650,1471,129439017,21.1,4683958,8.25998,12.21211,p10_peak_9685
4,129473996,129474753,758,129474231,26.23,34346,10.17826,17.8423,p10_peak_9687
4,138452455,138453920,1466,138453477,21.1,8977702,6.21538,8.79806,p10_peak_9698
4,139619355,139619829,475,139619596,16.54,1165435,6.55485,7.24145,p10_peak_9704
4,151145854,151146511,658,151146130,21.67,11526025,7.66056,10.91705,p10_peak_9748
4,169765776,169766328,553,169766158,16.54,18619265,6.55485,7.24145,p10_peak_9799
4,169786193,169786610,418,169786444,15.4,19865,6.12856,6.34126,p10_peak_9804
4,169789204,169790650,1447,169789401,19.39,2594,7.62056,10.11691,p10_peak_9806
4,177760513,177761132,620,177760913,15.97,7969863,6.27551,6.29913,p10_peak_9824
4,183843953,183844902,950,183844192,18.25,6082821,6.97271,8.7976,p10_peak_9836
4,185304569,185305673,1105,185305298,17.11,1459667,6.69735,8.07455,p10_peak_9845
4,187729596,187729999,404,187729810,17.11,2423923,6.76799,8.15424,p10_peak_9858
4,188524906,188525297,392,188525106,15.97,794907,6.08382,6.03312,p10_peak_9866
4,189365735,189366501,767,189366230,15.97,840438,6.3417,6.34126,p10_peak_9872
4,189367857,189369722,1866,189369452,17.68,1356,6.98113,8.15424,p10_peak_9873
5,5422424,5422863,440,5422624,131.74,0,7.98701,67.04681,p10_peak_9878
5,8829033,8829952,920,8829269,20.53,3406170,8.04684,11.15768,p10_peak_9881
5,9060038,9060746,709,9060521,18.25,230086,6.41676,7.94466,p10_peak_9883
5,9716999,9717480,482,9717257,17.11,656253,6.06079,7.09975,p10_peak_9888
5,9888803,9889237,435,9889043,15.4,171323,6.12856,6.34126,p10_peak_9890
5,10545195,10545681,487,10545427,21.1,655958,6.36795,9.05885,p10_peak_9892
5,11816725,11817590,866,11817330,29.66,1271044,11.45712,21.44457,p10_peak_9901
5,12834887,12835343,457,12835105,19.96,1017297,7.8337,10.11691,p10_peak_9902
5,13994776,13995541,766,13995055,23.38,1159433,6.09579,9.18056,p10_peak_9904
5,14156225,14157920,1696,14157661,27.95,160684,8.2055,14.55377,p10_peak_9919
5,14199612,14200246,635,14199872,18.82,41692,7.25391,8.90234,p10_peak_9933
5,14208408,14208958,551,14208615,19.96,8162,6.51942,8.12408,p10_peak_9935
5,14225838,14226622,785,14226169,16.54,16880,6.55485,7.24145,p10_peak_9941
5,14269598,14270488,891,14270221,18.25,42976,7.19427,9.11355,p10_peak_9956
5,14305210,14305616,407,14305443,18.82,34722,6.60686,7.94466,p10_peak_9971
5,33736629,33737372,744,33737151,17.11,19431013,6.76799,8.15424,p10_peak_10018
5,33788820,33789818,999,33789416,16.54,51448,6.48643,7.15465,p10_peak_10020
5,34585890,34586828,939,34586063,19.39,796072,7.23698,9.52157,p10_peak_10040
5,38607591,38607986,396,38607755,15.97,4020763,6.3417,6.34126,p10_peak_10074
5,38765382,38765763,382,38765608,17.11,157396,6.76799,8.15424,p10_peak_10077
5,38831973,38832478,506,38832212,19.39,66210,6.79697,8.83518,p10_peak_10080
5,40734959,40735257,299,40735141,15.97,1902481,6.3417,6.34126,p10_peak_10097
5,53625679,53626334,656,53625837,17.68,12890422,6.98113,8.15424,p10_peak_10112
5,53997026,53997340,315,53997220,17.11,370692,6.76799,8.15424,p10_peak_10117
5,55573925,55574726,802,55574347,17.11,1576585,6.76799,8.15424,p10_peak_10136
5,55646743,55647127,385,55646986,15.4,72017,6.12856,6.34126,p10_peak_10140
5,56594426,56594934,509,56594677,17.68,947299,6.98113,8.15424,p10_peak_10142
5,56737662,56738578,917,56738320,15.4,142728,6.0646,6.29913,p10_peak_10146
5,57555239,57556141,903,57555682,16.54,816661,6.55485,7.24145,p10_peak_10151
5,58422846,58423379,534,58423118,15.4,866705,6.12856,6.34126,p10_peak_10152
5,60745979,60746306,328,60746119,16.54,2322600,6.55485,7.24145,p10_peak_10155
5,64778630,64779227,598,64778910,17.68,4032324,6.76614,7.87418,p10_peak_10165
5,71436724,71437508,785,71436974,15.4,6657497,6.12856,6.34126,p10_peak_10181
5,71437750,71438307,558,71438012,18.82,242,6.60686,7.94466,p10_peak_10182
5,71452459,71453070,612,71452709,17.11,14152,6.06079,7.09975,p10_peak_10184
5,73926267,73926671,405,73926492,17.11,2473197,6.76799,8.15424,p10_peak_10219
5,75985590,75986330,741,75986026,17.68,2058919,6.62974,7.66423,p10_peak_10226
5,77800923,77801441,519,77801067,23.95,1814593,6.0508,8.86151,p10_peak_10228
5,78202661,78204914,2254,78203957,24.52,401220,8.79282,14.30329,p10_peak_10253
5,78429210,78429697,488,78429421,17.11,224296,6.76799,8.15424,p10_peak_10257
5,92917329,92917878,550,92917542,55.32,14487632,7.83195,28.03374,p10_peak_10274
5,95097696,95098319,624,95097870,21.67,2179818,6.92916,9.71677,p10_peak_10279
5,95215116,95215793,678,95215603,18.25,116797,7.19427,9.11355,p10_peak_10293
5,95403544,95403907,364,95403755,15.97,187751,6.3417,6.34126,p10_peak_10298
5,97645619,97646326,708,97645826,17.68,2241712,6.98113,8.15424,p10_peak_10310
5,111016442,111017649,1208,111016574,18.25,13370116,7.11918,9.0173,p10_peak_10324
5,111333450,111333904,455,111333703,18.82,315801,7.40741,9.11355,p10_peak_10335
5,121461976,121462380,405,121462201,15.4,10128072,6.12856,6.34126,p10_peak_10361
5,124082119,124082874,756,124082479,15.4,2619739,6.12856,6.34126,p10_peak_10381
5,131723331,131724370,1040,131723781,22.24,7640457,7.70538,11.68624,p10_peak_10414
5,131814201,131815897,1697,131815014,18.82,89831,6.21959,7.3363,p10_peak_10421
5,131841343,131842157,815,131841840,19.96,25446,6.98708,8.83518,p10_peak_10422
5,134543726,134545367,1642,134544524,21.1,2701569,7.61399,11.15768,p10_peak_10437
5,135329109,135329939,831,135329724,18.25,783742,6.56737,8.15424,p10_peak_10448
5,135356069,135356510,442,135356313,16.54,26130,6.55485,7.24145,p10_peak_10456
5,135374960,135375776,817,135375232,16.54,18450,6.48643,7.15465,p10_peak_10464
5,135391354,135395974,4621,135394283,23.38,15578,8.23867,12.96124,p10_peak_10474
5,135396539,135396990,452,135396713,18.82,565,6.39044,7.60744,p10_peak_10475
5,140901002,140901538,537,140901259,18.82,5504012,7.17929,8.7976,p10_peak_10510
5,140904264,140905161,898,140904754,18.25,2726,6.32234,7.79678,p10_peak_10511
5,141992637,141993741,1105,141993028,15.4,1087476,6.12856,6.34126,p10_peak_10525
5,142077973,142078913,941,142078471,15.97,84232,6.3417,6.34126,p10_peak_10533
5,142381493,142382367,875,142381724,17.68,302580,6.98113,8.15424,p10_peak_10541
5,146639457,146640005,549,146639785,19.39,4257090,7.62056,10.11691,p10_peak_10573
5,147144302,147144789,488,147144544,32.51,504297,6.70166,14.06497,p10_peak_10581
5,148811663,148815731,4069,148814011,50.19,1666874,9.7316,30.72784,p10_peak_10616
5,151037614,151040014,2401,151038827,43.91,2221883,11.22868,29.55351,p10_peak_10658
5,151040263,151041702,1440,151040602,21.67,249,6.92916,9.71677,p10_peak_10659
5,151056761,151059483,2723,151059152,22.24,15059,7.74751,11.75306,p10_peak_10668
5,151061365,151063894,2530,151062711,25.66,1882,7.87584,13.14065,p10_peak_10670
5,153008381,153009125,745,153008526,15.4,1944487,6.12856,6.34126,p10_peak_10679
5,153576466,153576971,506,153576688,16.54,567341,6.55485,7.24145,p10_peak_10680
5,156938841,156939249,409,156939077,18.82,3361870,7.17929,8.7976,p10_peak_10693
5,156973307,156974089,783,156973811,17.11,34058,6.76799,8.15424,p10_peak_10700
5,156975031,156976414,1384,156976038,17.68,942,6.98113,8.15424,p10_peak_10702
5,156985075,156985902,828,156985696,15.97,8661,6.3417,6.34126,p10_peak_10704
5,158477139,158477508,370,158477267,17.11,1491237,6.76799,8.15424,p10_peak_10710
5,169230078,169231091,1014,169230828,17.68,10752570,6.69724,7.77029,p10_peak_10732
5,169403737,169404794,1058,169403956,15.97,172646,6.27551,6.29913,p10_peak_10733
5,169407274,169407957,684,169407596,15.4,2480,6.0646,6.29913,p10_peak_10734
5,170016572,170017001,430,170016784,18.82,608615,6.60686,7.94466,p10_peak_10735
5,172190811,172194165,3355,172192375,35.36,2173810,6.05998,13.83423,p10_peak_10747
5,173197751,173198037,287,173197826,15.97,1003586,6.3417,6.34126,p10_peak_10772
5,173958978,173961161,2184,173960461,15.4,760941,6.12856,6.34126,p10_peak_10774
5,175236641,175237379,739,175237065,17.68,1275480,6.98113,8.15424,p10_peak_10777
5,176264734,176265053,320,176264896,15.4,1027355,6.0646,6.29913,p10_peak_10780
5,176972706,176974016,1311,176973793,19.96,707653,6.40624,7.9484,p10_peak_10785
6,468864,469570,707,469122,39.92,0,13.19399,30.72362,p10_peak_10802
6,1185695,1186016,322,1185775,17.68,716125,6.98113,8.15424,p10_peak_10804
6,2504661,2505169,509,2504910,18.25,1318645,7.19427,9.11355,p10_peak_10814
6,3911457,3913579,2123,3911815,17.11,1406288,6.76799,8.15424,p10_peak_10830
6,4577634,4578351,718,4578117,16.54,664055,6.16279,6.67944,p10_peak_10835
6,4581989,4582829,841,4582559,18.25,3638,6.41676,7.94466,p10_peak_10836
6,10694750,10695258,509,10695004,82.7,6111921,9.98289,50.03364,p10_peak_10851
6,10963396,10963705,310,10963547,15.97,268138,6.08382,6.03312,p10_peak_10854
6,11207731,11208101,371,11207887,17.68,244026,6.76614,7.87418,p10_peak_10866
6,11233016,11233689,674,11233516,18.25,24915,6.32234,7.79678,p10_peak_10868
6,11429083,11429414,332,11429254,15.4,195394,6.12856,6.34126,p10_peak_10875
6,12024929,12025353,425,12025123,16.54,595515,6.22491,6.77725,p10_peak_10894
6,14001507,14002224,718,14001984,17.11,1976154,6.06079,7.09975,p10_peak_10905
6,14476825,14478069,1245,14477472,19.39,474601,6.1256,7.77933,p10_peak_10907
6,14742927,14744117,1191,14743679,15.97,264858,6.3417,6.34126,p10_peak_10915
6,16681428,16682029,602,16681680,21.1,1937311,7.36729,10.74758,p10_peak_10934
6,17907811,17908496,686,17908275,21.1,1225782,6.42048,9.12876,p10_peak_10948
6,21769596,21770135,540,21769879,18.25,3861100,6.56737,8.15424,p10_peak_10956
6,22147934,22148547,614,22148268,16.54,377799,6.48643,7.15465,p10_peak_10963
6,26286507,26287072,566,26286790,22.81,4137960,6.86091,9.95131,p10_peak_10994
6,26556156,26557381,1226,26556925,18.82,269084,6.50965,7.79678,p10_peak_11006
6,27445930,27447659,1730,27447150,21.1,888549,8.17377,12.08144,p10_peak_11017
6,27470769,27471853,1085,27471048,19.39,23110,7.62056,10.11691,p10_peak_11018
6,27759160,27759751,592,27759417,18.82,287307,6.05764,7.09975,p10_peak_11024
6,27870089,27870600,512,27870344,26.81,110338,8.49789,14.64719,p10_peak_11031
6,28615991,28616433,443,28616230,15.97,745391,6.3417,6.34126,p10_peak_11036
6,28848751,28849289,539,28849209,15.4,232318,6.12856,6.34126,p10_peak_11039
6,28908211,28909919,1709,28908792,21.67,58922,7.11441,10.02533,p10_peak_11040
6,30578766,30579223,458,30578952,16.54,1668847,6.55485,7.24145,p10_peak_11046
6,30579325,30579725,401,30579557,17.11,102,6.76799,8.15424,p10_peak_11047
6,30581197,30581880,684,30581416,19.96,1472,6.94909,8.78529,p10_peak_11049
6,30582002,30583506,1505,30582430,22.24,122,6.69659,9.95131,p10_peak_11050
6,31025298,31025977,680,31025689,15.97,441792,6.27551,6.29913,p10_peak_11070
6,31357459,31357957,499,31357722,25.09,331482,8.69804,14.88725,p10_peak_11071
6,31509239,31510226,988,31510016,95.81,151282,9.68139,56.41261,p10_peak_11072
6,31620187,31620897,711,31620618,80.99,109961,6.83213,35.82727,p10_peak_11073
6,38099432,38099837,406,38099585,18.25,6478535,6.41676,7.94466,p10_peak_11137
6,42229983,42230485,503,42230208,31.37,4130146,8.36719,17.16818,p10_peak_11147
6,42306093,42307487,1395,42306592,15.4,75608,6.12856,6.34126,p10_peak_11151
6,45413449,45414019,571,45413817,18.25,3105962,6.69714,8.35704,p10_peak_11180
6,45472618,45473109,492,45472844,15.4,58599,6.12856,6.34126,p10_peak_11181
6,45682377,45683133,757,45682568,15.97,209268,6.3417,6.34126,p10_peak_11189
6,52459859,52460899,1041,52460135,19.39,6776726,6.79697,8.83518,p10_peak_11215
6,53358114,53358485,372,53358233,19.96,897215,6.40624,7.9484,p10_peak_11223
6,56579853,56580366,514,56580026,15.97,3221368,6.21029,6.21651,p10_peak_11233
6,56716044,56717031,988,56716322,18.82,135678,7.3301,9.0173,p10_peak_11239
6,72178563,72179880,1318,72179046,17.11,15461532,6.69735,8.07455,p10_peak_11256
6,75952964,75954301,1338,75953353,23.95,3773084,6.23837,9.18056,p10_peak_11273
6,75978320,75978761,442,75978501,15.4,24019,6.12856,6.34126,p10_peak_11274
6,76234134,76234463,330,76234287,16.54,255373,6.55485,7.24145,p10_peak_11279
6,83665286,83665637,352,83665458,16.54,7430823,6.55485,7.24145,p10_peak_11285
6,90808344,90808878,535,90808538,15.4,7142707,6.12856,6.34126,p10_peak_11302
6,90993934,90994431,498,90994163,17.11,185056,6.03654,7.06685,p10_peak_11305
6,91078775,91079644,870,91079037,16.54,84344,6.55485,7.24145,p10_peak_11307
6,94374249,94374545,297,94374477,16.54,3294605,6.55485,7.24145,p10_peak_11310
6,99872783,99874018,1236,99873353,22.81,5498238,6.20126,8.81744,p10_peak_11311
6,112125304,112125773,470,112125501,15.4,12251286,6.12856,6.34126,p10_peak_11346
6,112294355,112294963,609,112294609,15.4,168582,6.0646,6.29913,p10_peak_11351
6,112543430,112544073,644,112543805,17.68,248467,6.69724,7.77029,p10_peak_11353
6,112620136,112621509,1374,112620253,18.25,76063,6.41676,7.94466,p10_peak_11356
6,113441915,113442528,614,113442230,18.82,820406,7.40741,9.11355,p10_peak_11358
6,114251700,114252193,494,114251948,26.81,809172,10.39141,17.8423,p10_peak_11363
6,116832815,116833515,701,116833266,19.39,2580622,7.62056,10.11691,p10_peak_11368
6,116892222,116892698,477,116892484,98.67,58707,6.81148,43.99629,p10_peak_11370
6,119030200,119031113,914,119030500,22.81,2137502,7.93761,11.75306,p10_peak_11373
6,128828512,128829461,950,128828818,22.24,9797399,7.74751,11.75306,p10_peak_11388
6,132267492,132268358,867,132267752,29.66,3438031,7.13876,13.6023,p10_peak_11400
6,133240308,133240956,649,133240797,18.25,971950,7.19427,9.11355,p10_peak_11410
6,133872852,133873315,464,133873063,15.4,631896,6.12856,6.34126,p10_peak_11413
6,134744011,134744396,386,134744189,19.96,870696,6.13979,7.52319,p10_peak_11421
6,136915074,136915837,764,136915334,15.97,2170678,6.3417,6.34126,p10_peak_11445
6,136965523,136966011,489,136965700,15.4,49686,6.0646,6.29913,p10_peak_11447
6,140085682,140086014,333,140085866,15.4,3119671,6.12856,6.34126,p10_peak_11474
6,140373149,140373683,535,140373412,15.97,287135,6.3417,6.34126,p10_peak_11477
6,141773437,141774055,619,141773613,15.4,1399754,6.12856,6.34126,p10_peak_11481
6,146171267,146171748,482,146171514,28.52,4397212,9.83868,18.20258,p10_peak_11491
6,147235330,147236044,715,147235921,17.68,1063582,6.22665,7.06685,p10_peak_11494
6,149031582,149032038,457,149031828,18.82,1795538,7.40741,9.11355,p10_peak_11509
6,150588957,150589394,438,150589168,15.97,1556919,6.3417,6.34126,p10_peak_11525
6,151178930,151179372,443,151179173,19.39,589536,6.23194,7.9484,p10_peak_11527
6,152702092,152702819,728,152702331,21.1,1522720,8.25998,12.21211,p10_peak_11541
6,152811771,152812729,959,152812326,15.97,108952,6.3417,6.34126,p10_peak_11542
6,154235434,154235935,502,154235679,32.51,1422705,12.52283,25.19848,p10_peak_11544
6,154769645,154770198,554,154769867,22.24,533710,8.68627,13.29311,p10_peak_11545
6,155816042,155816881,840,155816252,15.4,1045844,6.12856,6.34126,p10_peak_11552
6,158704656,158706036,1381,158705809,16.54,2887775,6.55485,7.24145,p10_peak_11564
6,169497451,169497894,444,169497690,15.4,10791415,6.0646,6.29913,p10_peak_11596
6,170489075,170489574,500,170489331,35.93,991181,13.37664,28.34471,p10_peak_11602
7,5744029,5744876,848,5744346,15.4,0,6.12856,6.34126,p10_peak_11631
7,10979566,10980157,592,10979961,117.49,5234690,10.29598,72.36388,p10_peak_11634
7,22626267,22626972,706,22626721,45.63,11646110,17.4251,42.66798,p10_peak_11657
7,22821001,22822192,1192,22821419,18.82,194029,6.39044,7.60744,p10_peak_11669
7,23387236,23387853,618,23387574,16.54,565044,6.55485,7.24145,p10_peak_11677
7,24781395,24781909,515,24781642,19.39,1393542,7.46264,9.88111,p10_peak_11681
7,25067751,25068432,682,25067995,15.97,285842,6.3417,6.34126,p10_peak_11688
7,30508381,30509746,1366,30509521,17.11,5439949,6.03654,7.06685,p10_peak_11722
7,30560261,30560759,499,30560527,15.97,50515,6.3417,6.34126,p10_peak_11724
7,31833450,31833937,488,31833696,26.23,1272691,6.80869,11.83564,p10_peak_11727
7,32337385,32337884,500,32337641,21.1,503448,8.25998,12.21211,p10_peak_11728
7,34018723,34020381,1659,34020046,17.11,1680839,6.76799,8.15424,p10_peak_11736
7,40803261,40803679,419,40803476,15.4,6782880,6.12856,6.34126,p10_peak_11757
7,41067316,41069177,1862,41068868,19.96,263637,6.98708,8.83518,p10_peak_11762
7,41136457,41137205,749,41136933,22.24,67280,8.68627,13.29311,p10_peak_11763
7,41735497,41736705,1209,41736218,17.11,598292,6.76799,8.15424,p10_peak_11770
7,41738159,41738851,693,41738415,16.54,1454,6.48643,7.15465,p10_peak_11771
7,47193244,47193626,383,47193508,15.4,5454393,6.12856,6.34126,p10_peak_11799
7,55121026,55121639,614,55121343,17.11,7927400,6.03654,7.06685,p10_peak_11852
7,71262846,71263352,507,71263110,42.77,16141207,16.35938,38.49399,p10_peak_11876
7,76212423,76213630,1208,76212778,17.68,4949071,6.22665,7.06685,p10_peak_11885
7,79775072,79775643,572,79775448,16.54,3561442,6.55485,7.24145,p10_peak_11900
7,80128633,80128954,322,80128788,15.97,352990,6.3417,6.34126,p10_peak_11901
7,80351490,80352494,1005,80351892,15.97,222536,6.3417,6.34126,p10_peak_11902
7,81314335,81314783,449,81314642,17.68,961841,6.98113,8.15424,p10_peak_11910
7,83823949,83824831,883,83824397,25.09,2509166,8.69804,14.88725,p10_peak_11915
7,90254936,90255272,337,90255048,16.54,6430105,6.48643,7.15465,p10_peak_11923
7,90524487,90525004,518,90524731,23.95,269215,9.32569,14.4017,p10_peak_11924
7,92324794,92325493,700,92325032,20.53,1799790,8.04684,11.15768,p10_peak_11927
7,92327674,92328188,515,92328015,18.25,2181,7.19427,9.11355,p10_peak_11928
7,92439137,92439462,326,92439279,16.54,110949,6.55485,7.24145,p10_peak_11934
7,92861300,92862041,742,92861593,29.66,421838,8.62112,16.48544,p10_peak_11935
7,93926771,93927454,684,93927199,17.11,1064730,6.76799,8.15424,p10_peak_11938
7,94024284,94025756,1473,94025505,26.23,96830,7.47961,13.11044,p10_peak_11943
7,94049395,94049974,580,94049728,20.53,23639,8.04684,11.15768,p10_peak_11949
7,94062137,94062967,831,94062333,30.8,12163,10.59911,20.49693,p10_peak_11956
7,94063061,94063793,733,94063386,17.11,94,6.76799,8.15424,p10_peak_11957
7,98778380,98778912,533,98778656,20.53,4714587,6.58055,8.81693,p10_peak_11961
7,100550780,100551251,472,100551022,73,1771868,7.54805,36.08169,p10_peak_11967
7,100779828,100782156,2329,100781323,39.92,228577,7.0217,17.7736,p10_peak_11975
7,100782491,100785181,2691,100783187,67.3,335,11.38298,45.4609,p10_peak_11976
7,102515857,102516950,1094,102516292,18.25,1730676,6.63162,8.25185,p10_peak_11986
7,105470317,105471741,1425,105471289,18.82,2953367,7.40741,9.11355,p10_peak_12001
7,106065543,106066282,740,106065668,21.1,593802,8.00561,11.80528,p10_peak_12007
7,107635923,107636337,415,107636193,15.97,1569641,6.3417,6.34126,p10_peak_12013
7,111783584,111784082,499,111783808,15.97,4147247,6.3417,6.34126,p10_peak_12017
7,115858137,115858521,385,115858323,17.11,4074055,6.76799,8.15424,p10_peak_12022
7,115911881,115912619,739,115912125,16.54,53360,6.55485,7.24145,p10_peak_12023
7,115994226,115994585,360,115994420,15.97,81607,6.08382,6.03312,p10_peak_12025
7,116216647,116217921,1275,116216974,17.68,222062,6.98113,8.15424,p10_peak_12032
7,130070731,130071454,724,130071276,16.54,13852810,6.55485,7.24145,p10_peak_12075
7,130551266,130553700,2435,130552715,19.39,479812,6.79697,8.83518,p10_peak_12079
7,130595675,130596157,483,130595931,18.25,41975,6.50435,8.07486,p10_peak_12097
7,130596743,130597399,657,130597066,20.53,586,7.13816,9.71306,p10_peak_12098
7,131816965,131817471,507,131817227,37.64,1219566,14.4411,31.7056,p10_peak_12114
7,134463898,134465043,1146,134464458,23.95,2646427,9.32569,14.4017,p10_peak_12124
7,134549632,134550432,801,134550184,18.25,84589,7.19427,9.11355,p10_peak_12133
7,134617474,134617964,491,134617736,20.53,67042,8.04684,11.15768,p10_peak_12148
7,134658546,134662259,3714,134659503,44.49,40582,12.58997,33.18091,p10_peak_12164
7,135242295,135242935,641,135242565,99.81,580036,21.48469,96.11562,p10_peak_12165
7,137223293,137224077,785,137223480,15.4,1980358,6.12856,6.34126,p10_peak_12175
7,137677102,137678313,1212,137677652,17.11,453025,6.17823,7.26658,p10_peak_12188
7,139433954,139434362,409,139434115,15.97,1755641,6.3417,6.34126,p10_peak_12202
7,141431401,141431819,419,141431615,19.96,1997039,7.8337,10.11691,p10_peak_12222
7,142171877,142172497,621,142172258,18.25,740058,7.19427,9.11355,p10_peak_12225
7,151361810,151362579,770,151362340,17.11,9189313,6.76799,8.15424,p10_peak_12243
7,156374625,156375111,487,156374859,27.95,5012046,9.68732,17.14801,p10_peak_12248
7,156923553,156924042,490,156923811,31.94,548442,10.71781,21.21505,p10_peak_12249
7,157253770,157254488,719,157254107,147.14,329728,29.62856,163.54526,p10_peak_12251
8,3569703,3570201,499,3569957,36.5,0,6.25009,14.66824,p10_peak_12257
8,8168081,8168601,521,8168320,17.11,4597880,6.03654,7.06685,p10_peak_12263
8,12081340,12081668,329,12081564,17.11,3912739,6.76799,8.15424,p10_peak_12286
8,13371912,13372552,641,13372137,15.4,1290244,6.12856,6.34126,p10_peak_12301
8,16940481,16940933,453,16940680,17.11,3567929,6.76799,8.15424,p10_peak_12302
8,17206438,17207608,1171,17206711,16.54,265505,6.1019,6.58479,p10_peak_12303
8,19124954,19125689,736,19125217,15.4,1917346,6.12856,6.34126,p10_peak_12314
8,22253737,22254336,600,22254019,85.55,3128048,18.33492,76.53019,p10_peak_12324
8,23655886,23656632,747,23656307,18.82,1401550,7.40741,9.11355,p10_peak_12363
8,24526136,24526700,565,24526520,15.97,869504,6.3417,6.34126,p10_peak_12367
8,27089301,27089997,697,27089790,16.54,2562601,6.55485,7.24145,p10_peak_12376
8,30359787,30360727,941,30360173,17.68,3269790,6.90827,8.07455,p10_peak_12404
8,32983475,32983891,417,32983639,23.95,2622748,6.23837,9.18056,p10_peak_12420
8,36957096,36958095,1000,36957685,15.4,3973205,6.12856,6.34126,p10_peak_12422
8,38516688,38518322,1635,38517441,18.25,1558593,7.19427,9.11355,p10_peak_12445
8,40381416,40382391,976,40381874,15.4,1863094,6.12856,6.34126,p10_peak_12466
8,48559984,48560296,313,48560222,18.82,8177593,6.60686,7.94466,p10_peak_12485
8,49448207,49448897,691,49448460,17.68,887911,6.22665,7.06685,p10_peak_12497
8,49502680,49503392,713,49502960,22.81,53783,6.80522,9.85433,p10_peak_12500
8,65063221,65063700,480,65063455,17.68,15559829,6.98113,8.15424,p10_peak_12525
8,71527082,71527542,461,71527339,18.25,6463382,7.19427,9.11355,p10_peak_12544
8,95030887,95031265,379,95031101,16.54,23503345,6.55485,7.24145,p10_peak_12570
8,96814041,96814431,391,96814304,15.97,1782776,6.08382,6.03312,p10_peak_12584
8,98102860,98103402,543,98103125,16.54,1288429,6.55485,7.24145,p10_peak_12592
8,103656434,103656806,373,103656577,15.4,5553032,6.12856,6.34126,p10_peak_12614
8,104196683,104197522,840,104196954,15.97,539877,6.3417,6.34126,p10_peak_12624
8,117457276,117457633,358,117457456,16.54,13259754,6.55485,7.24145,p10_peak_12644
8,118858949,118859351,403,118859184,17.68,1401316,6.98113,8.15424,p10_peak_12654
8,118893564,118894143,580,118893750,18.82,34213,7.3301,9.0173,p10_peak_12659
8,119154561,119155059,499,119154818,18.25,260418,7.19427,9.11355,p10_peak_12710
8,119207571,119208720,1150,119208471,18.25,52512,6.41676,7.94466,p10_peak_12711
8,119755815,119756195,381,119755995,15.4,547095,6.12856,6.34126,p10_peak_12715
8,120082599,120082937,339,120082764,17.11,326404,6.03654,7.06685,p10_peak_12720
8,122755201,122755672,472,122755506,17.11,2672264,6.03654,7.06685,p10_peak_12738
8,124528731,124529416,686,124529253,17.11,1773059,6.03654,7.06685,p10_peak_12748
8,126082126,126082862,737,126082630,21.67,1552710,8.47313,12.21211,p10_peak_12769
8,126083084,126083968,885,126083354,15.97,222,6.3417,6.34126,p10_peak_12770
8,126557976,126558777,802,126558445,22.24,474008,7.74751,11.75306,p10_peak_12782
8,126649347,126650513,1167,126650040,17.11,90570,6.03654,7.06685,p10_peak_12784
8,128755296,128755833,538,128755655,19.39,2104783,6.1256,7.77933,p10_peak_12794
8,129552849,129553378,530,129553100,15.4,797016,6.12856,6.34126,p10_peak_12818
8,131082879,131083477,599,131083216,28.52,1529501,10.9157,20.03717,p10_peak_12831
8,131270431,131271053,623,131270814,15.4,186954,6.12856,6.34126,p10_peak_12839
8,131275041,131276605,1565,131275926,18.82,3988,7.10619,8.68517,p10_peak_12840
8,131291078,131291829,752,131291360,15.4,14473,6.12856,6.34126,p10_peak_12844
8,131342249,131342926,678,131342688,17.68,50420,6.98113,8.15424,p10_peak_12849
8,131773531,131773950,420,131773734,15.4,430605,6.12856,6.34126,p10_peak_12860
8,134045166,134046094,929,134045871,17.11,2271216,6.76799,8.15424,p10_peak_12871
8,134048277,134049640,1364,134049544,19.39,2183,6.23194,7.9484,p10_peak_12872
8,134194315,134195092,778,134194569,16.54,144675,6.48643,7.15465,p10_peak_12881
8,142213231,142213721,491,142213501,33.65,8018139,7.25298,15.68092,p10_peak_12903
8,144119664,144120203,540,144119929,78.7,1905943,14.37668,60.99294,p10_peak_12904
9,4136594,4137894,1301,4136845,16.54,0,6.55485,7.24145,p10_peak_12926
9,8086662,8087144,483,8086922,29.66,3948768,11.33753,21.24857,p10_peak_12939
9,14277151,14277436,286,14277299,15.4,6190007,6.12856,6.34126,p10_peak_12945
9,14365862,14366340,479,14366081,17.11,88426,6.76799,8.15424,p10_peak_12947
9,16193111,16193914,804,16193392,17.11,1826771,6.76799,8.15424,p10_peak_12956
9,16213312,16214025,714,16213810,17.11,19398,6.69735,8.07455,p10_peak_12957
9,16413621,16414339,719,16414082,15.97,199596,6.3417,6.34126,p10_peak_12964
9,16628092,16628705,614,16628512,16.54,213753,6.55485,7.24145,p10_peak_12971
9,21576509,21576911,403,21576640,18.82,4947804,7.40741,9.11355,p10_peak_12985
9,27124953,27125420,468,27125194,22.81,5548042,6.24747,8.89385,p10_peak_12998
9,35510581,35511435,855,35510951,15.97,8385161,6.21029,6.21651,p10_peak_13014
9,71746124,71747356,1233,71746532,18.82,36234689,6.21959,7.3363,p10_peak_13063
9,78655040,78655546,507,78655309,41.06,6907684,15.71996,37.11469,p10_peak_13080
9,82196564,82197049,486,82196793,18.82,3541018,7.40741,9.11355,p10_peak_13089
9,82225950,82226384,435,82226181,18.82,28901,7.40741,9.11355,p10_peak_13090
9,84004270,84005384,1115,84004574,16.54,1777886,6.48643,7.15465,p10_peak_13093
9,84174049,84175300,1252,84174561,15.97,168665,6.3417,6.34126,p10_peak_13097
9,87879502,87880320,819,87880091,39.35,3704202,15.08053,34.3847,p10_peak_13106
9,91266560,91267878,1319,91267077,18.82,3386240,7.40741,9.11355,p10_peak_13122
9,93822844,93823394,551,93823192,15.4,2554966,6.12856,6.34126,p10_peak_13138
9,93862318,93862765,448,93862570,19.39,38924,6.63508,8.57824,p10_peak_13140
9,96698712,96699234,523,96698969,37.64,2835947,14.4411,31.7056,p10_peak_13156
9,97629507,97631085,1579,97630754,18.25,930273,6.76397,8.46083,p10_peak_13164
9,101610547,101611484,938,101610824,19.39,3979462,7.54102,10.00564,p10_peak_13198
9,101920724,101921579,856,101920849,17.68,309240,6.98113,8.15424,p10_peak_13218
9,101984190,101984613,424,101984405,103.23,62611,6.49315,44.49182,p10_peak_13219
9,109655056,109655627,572,109655327,18.25,7670443,6.41676,7.94466,p10_peak_13235
9,112578416,112579211,796,112578966,15.4,2922789,6.12856,6.34126,p10_peak_13261
9,112903219,112903901,683,112903531,18.25,324008,6.76397,8.46083,p10_peak_13282
9,117453298,117454137,840,117453521,18.25,4549397,7.11918,9.0173,p10_peak_13341
9,117485639,117486163,525,117485882,18.25,31502,6.76397,8.46083,p10_peak_13342
9,117785569,117785950,382,117785837,15.97,299406,6.3417,6.34126,p10_peak_13354
9,117786062,117786663,602,117786323,15.97,112,6.3417,6.34126,p10_peak_13355
9,117797463,117797850,388,117797687,17.68,10800,6.98113,8.15424,p10_peak_13359
9,117798129,117799032,904,117798291,16.54,279,6.55485,7.24145,p10_peak_13360
9,117805009,117805815,807,117805206,15.4,5977,6.12856,6.34126,p10_peak_13363
9,117908448,117908834,387,117908575,15.4,102633,6.12856,6.34126,p10_peak_13373
9,117909092,117909502,411,117909335,15.97,258,6.3417,6.34126,p10_peak_13374
9,117965425,117966062,638,117965634,17.11,55923,6.76799,8.15424,p10_peak_13377
9,118412167,118413192,1026,118412450,19.96,446105,7.8337,10.11691,p10_peak_13386
9,118706614,118707559,946,118706977,19.96,293422,6.98708,8.83518,p10_peak_13393
9,119000498,119001061,564,119000719,17.11,292939,6.03654,7.06685,p10_peak_13400
9,124040344,124041868,1525,124040741,18.82,5039283,6.96437,8.46083,p10_peak_13416
9,124113182,124114014,833,124113671,15.97,71314,6.3417,6.34126,p10_peak_13418
9,124160611,124161143,533,124160889,19.39,46597,6.23194,7.9484,p10_peak_13419
9,127420507,127421035,529,127420839,15.97,3259364,6.3417,6.34126,p10_peak_13441
9,136428750,136429905,1156,136429549,65.59,9007715,20.52871,64.44337,p10_peak_13489
9,137341202,137341638,437,137341463,24.52,911297,6.54994,10.36327,p10_peak_13490
10,500991,501481,491,501224,15.4,0,6.12856,6.34126,p10_peak_1567
10,3453240,3453576,337,3453410,21.67,2951759,6.37576,8.79806,p10_peak_1575
10,3493499,3494212,714,3493858,15.4,39923,6.12856,6.34126,p10_peak_1577
10,3512856,3513251,396,3513103,29.09,18644,7.83499,15.27528,p10_peak_1582
10,4284067,4284618,552,4284234,16.54,770816,6.48643,7.15465,p10_peak_1595
10,4284775,4285285,511,4285117,15.97,157,6.3417,6.34126,p10_peak_1596
10,4386550,4387505,956,4386820,15.97,101265,6.3417,6.34126,p10_peak_1598
10,6509083,6509579,497,6509328,27.95,2121578,10.81769,19.02382,p10_peak_1609
10,6682428,6682757,330,6682665,18.25,172849,7.19427,9.11355,p10_peak_1610
10,12084820,12085274,455,12085054,117.49,5402063,6.96977,53.71332,p10_peak_1614
10,13965729,13966239,511,13965994,18.82,1880455,6.57094,7.89431,p10_peak_1630
10,14446890,14447849,960,14447139,15.4,480651,6.12856,6.34126,p10_peak_1645
10,17009325,17011169,1845,17009838,15.4,2561476,6.12856,6.34126,p10_peak_1658
10,17104942,17105371,430,17105165,18.82,93773,7.40741,9.11355,p10_peak_1662
10,17685753,17686698,946,17686025,110.07,580382,13.24809,80.58063,p10_peak_1667
10,21581756,21582111,356,21581995,18.25,3895058,6.26392,7.70239,p10_peak_1671
10,25190817,25191470,654,25190958,18.82,3608706,6.6334,7.98036,p10_peak_1681
10,29947776,29948696,921,29948542,20.53,4756306,6.94208,9.38592,p10_peak_1694
10,30138317,30138834,518,30138559,17.11,189621,6.76799,8.15424,p10_peak_1698
10,30237694,30238324,631,30238060,20.53,98860,6.15328,8.12111,p10_peak_1699
10,33180080,33181152,1073,33180290,15.4,2941756,6.0646,6.29913,p10_peak_1728
10,33417924,33419172,1249,33418923,23.38,236772,6.69646,10.2854,p10_peak_1736
10,36461247,36461836,590,36461580,16.54,3042075,6.55485,7.24145,p10_peak_1765
10,45260913,45261437,525,45261120,21.1,8799077,8.25998,12.21211,p10_peak_1777
10,61096880,61097231,352,61097100,15.97,15835443,6.27551,6.29913,p10_peak_1804
10,62674296,62674788,493,62674662,17.68,1577065,6.98113,8.15424,p10_peak_1813
10,62723889,62724224,336,62724057,15.4,49101,6.12856,6.34126,p10_peak_1815
10,63723721,63724208,488,63723994,15.97,999497,6.3417,6.34126,p10_peak_1823
10,63823595,63824186,592,63823853,15.97,99387,6.3417,6.34126,p10_peak_1831
10,63831769,63832541,773,63831924,18.25,7583,6.41676,7.94466,p10_peak_1834
10,64323377,64324674,1298,64324296,23.38,490836,9.11255,14.4017,p10_peak_1846
10,64342385,64342850,466,64342605,17.11,17711,6.03654,7.06685,p10_peak_1849
10,64343658,64344757,1100,64344046,18.82,808,7.40741,9.11355,p10_peak_1851
10,64917994,64918491,498,64918158,17.68,573237,6.22665,7.06685,p10_peak_1857
10,70939591,70940099,509,70939850,90.11,6021100,14.90686,71.56553,p10_peak_1871
10,75910476,75910875,400,75910681,76.42,4970377,7.03846,35.1647,p10_peak_1903
10,78923855,78924243,389,78924073,17.68,3012980,6.98113,8.15424,p10_peak_1915
10,79265323,79266812,1490,79266491,19.96,341080,6.98708,8.83518,p10_peak_1933
10,90692149,90693621,1473,90692407,28.52,11425337,7.15714,13.25852,p10_peak_1990
10,90694483,90695629,1147,90695085,21.67,862,6.37576,8.79806,p10_peak_1991
10,90789456,90789909,454,90789636,15.97,93827,6.3417,6.34126,p10_peak_1996
10,90791579,90792144,566,90791862,17.68,1670,6.98113,8.15424,p10_peak_1998
10,91111616,91112459,844,91111957,18.82,319472,6.60686,7.94466,p10_peak_2005
10,93368474,93369124,651,93368671,17.68,2256015,6.98113,8.15424,p10_peak_2017
10,100220728,100221292,565,100221020,16.54,6851604,6.55485,7.24145,p10_peak_2059
10,102650046,102651212,1167,102650793,16.54,2428754,6.55485,7.24145,p10_peak_2064
10,103698138,103698752,615,103698327,21.67,1046926,6.37576,8.79806,p10_peak_2068
10,106155946,106156416,471,106156167,21.67,2457194,7.5574,10.74758,p10_peak_2099
10,114817497,114817934,438,114817699,15.97,8661081,6.21029,6.21651,p10_peak_2125
10,114846781,114847604,824,114847119,18.25,28847,6.38187,7.89431,p10_peak_2128
10,114876933,114877419,487,114877170,27.95,29329,10.81769,19.02382,p10_peak_2130
10,126787021,126787568,548,126787294,67.3,11909602,22.76596,70.51925,p10_peak_2155
10,127887849,127888319,471,127888113,18.82,1100281,6.60686,7.94466,p10_peak_2161
10,132158404,132159072,669,132158715,77.56,4270085,29.36106,91.6024,p10_peak_2173
10,133986341,133986754,414,133986528,18.25,1827269,6.41676,7.94466,p10_peak_2174
11,138720,139290,571,139010,18.25,0,6.26392,7.70239,p10_peak_2175
11,5301808,5302160,353,5301956,15.4,5162518,6.12856,6.34126,p10_peak_2184
11,9696661,9697177,517,9696912,46.2,4394501,17.45414,43.75556,p10_peak_2219
11,9796036,9796927,892,9796282,15.97,98859,6.08382,6.03312,p10_peak_2223
11,10271138,10271453,316,10271258,18.25,474211,6.69714,8.35704,p10_peak_2225
11,10347320,10348408,1089,10347848,17.11,75867,6.76799,8.15424,p10_peak_2229
11,10396575,10397299,725,10397024,18.25,48167,7.19427,9.11355,p10_peak_2234
11,11267889,11268771,883,11268281,136.31,870590,22.88445,134.03658,p10_peak_2262
11,12009511,12010569,1059,12009734,17.11,740740,6.76799,8.15424,p10_peak_2274
11,12227312,12227731,420,12227455,17.11,216743,6.76799,8.15424,p10_peak_2311
11,12433376,12434782,1407,12433753,21.1,205645,8.17377,12.08144,p10_peak_2329
11,12561278,12563059,1782,12561758,25.09,126496,8.0448,13.74211,p10_peak_2342
11,15914442,15914878,437,15914618,15.97,3351383,6.3417,6.34126,p10_peak_2391
11,20118660,20120016,1357,20119297,18.82,4203782,7.40741,9.11355,p10_peak_2414
11,22337724,22338251,528,22337834,15.97,2217708,6.3417,6.34126,p10_peak_2415
11,27955375,27956677,1303,27955947,18.25,5617124,7.19427,9.11355,p10_peak_2430
11,28857743,28858086,344,28857882,16.54,901066,6.55485,7.24145,p10_peak_2433
11,29206776,29207300,525,29206983,15.97,348690,6.3417,6.34126,p10_peak_2435
11,34323972,34324753,782,34324522,15.4,5116672,6.12856,6.34126,p10_peak_2455
11,35201777,35202256,480,35201988,16.54,877024,6.55485,7.24145,p10_peak_2477
11,35212328,35213087,760,35212601,22.24,10072,8.68627,13.29311,p10_peak_2479
11,35304207,35304879,673,35304386,15.97,91120,6.3417,6.34126,p10_peak_2484
11,35575250,35576246,997,35575716,18.82,270371,7.40741,9.11355,p10_peak_2500
11,37525598,37526115,518,37525816,15.97,1949352,6.3417,6.34126,p10_peak_2518
11,43852405,43852923,519,43852681,15.97,6326290,6.3417,6.34126,p10_peak_2520
11,43941825,43942767,943,43942350,15.97,88902,6.3417,6.34126,p10_peak_2521
11,43944450,43945479,1030,43945183,18.82,1683,6.4495,7.70239,p10_peak_2522
11,47628704,47629196,493,47628934,22.81,3683225,6.59124,9.48193,p10_peak_2550
11,65194578,65196424,1847,65194872,24.52,17565382,6.79765,10.8221,p10_peak_2606
11,65267879,65268366,488,65268117,28.52,71455,6.9189,12.77924,p10_peak_2617
11,65271447,65273763,2317,65273005,30.8,3081,7.35573,14.43437,p10_peak_2620
11,66206181,66206918,738,66206381,87.26,932418,6.78916,39.07758,p10_peak_2637
11,74361399,74362059,661,74361812,18.25,8154481,6.41676,7.94466,p10_peak_2671
11,74560629,74561265,637,74560903,17.68,198570,6.90827,8.07455,p10_peak_2673
11,78802956,78805004,2049,78804357,16.54,4241691,6.48643,7.15465,p10_peak_2700
11,82763088,82764098,1011,82763426,20.53,3958084,7.79903,10.76609,p10_peak_2708
11,85539726,85540076,351,85539822,17.11,2775628,6.69735,8.07455,p10_peak_2720
11,86167072,86167746,675,86167519,15.97,626996,6.3417,6.34126,p10_peak_2727
11,86194332,86195631,1300,86195135,17.68,26586,6.98113,8.15424,p10_peak_2730
11,86226476,86227007,532,86226725,16.54,30845,6.55485,7.24145,p10_peak_2733
11,87825302,87825793,492,87825563,34.22,1598295,13.16225,27.76149,p10_peak_2744
11,95961526,95962073,548,95961791,16.54,8135733,6.55485,7.24145,p10_peak_2775
11,96039917,96041175,1259,96040837,16.54,77844,6.35298,6.97076,p10_peak_2777
11,96785323,96785606,284,96785397,17.68,744148,6.02268,6.75804,p10_peak_2783
11,107460892,107461388,497,107461127,29.66,10675286,8.48558,16.23103,p10_peak_2801
11,111428218,111428672,455,111428495,20.53,3966830,7.17719,9.77342,p10_peak_2818
11,113569734,113570238,505,113569999,35.93,2141062,13.80168,29.06362,p10_peak_2827
11,115570456,115571214,759,115571005,15.97,2000218,6.3417,6.34126,p10_peak_2840
11,116001450,116001889,440,116001644,23.95,430236,8.31783,12.77157,p10_peak_2844
11,117078262,117080821,2560,117079611,37.07,1076373,7.61417,18.66672,p10_peak_2856
11,118271966,118272411,446,118272197,79.27,1191145,6.49471,34.04162,p10_peak_2861
11,119614498,119615005,508,119614769,51.9,1342087,17.37362,47.04599,p10_peak_2873
11,121636169,121636703,535,121636434,41.63,2021164,15.9331,37.11469,p10_peak_2878
11,121964684,121965017,334,121964859,15.4,327981,6.12856,6.34126,p10_peak_2884
11,122027644,122028069,426,122027878,15.4,62627,6.12856,6.34126,p10_peak_2896
11,122034658,122035086,429,122034920,18.25,6589,6.41676,7.94466,p10_peak_2900
11,122078019,122078816,798,122078537,18.82,42933,7.40741,9.11355,p10_peak_2909
11,122376026,122376686,661,122376493,15.4,297210,6.0646,6.29913,p10_peak_2915
11,123037027,123037577,551,123037257,25.66,660341,8.88815,14.88725,p10_peak_2923
11,124514216,124514832,617,124514596,15.97,1476639,6.3417,6.34126,p10_peak_2927
11,126787405,126788361,957,126787856,15.4,2272573,6.12856,6.34126,p10_peak_2944
11,126863217,126863743,527,126863474,17.11,74856,6.11894,7.18936,p10_peak_2948
11,128333161,128333690,530,128333559,15.97,1469418,6.3417,6.34126,p10_peak_2957
11,128366164,128368077,1914,128367308,21.1,32474,8.25998,12.21211,p10_peak_2965
11,128452874,128453386,513,128453161,17.68,84797,6.98113,8.15424,p10_peak_2975
11,130259838,130260844,1007,130260027,18.25,1806452,6.41676,7.94466,p10_peak_2986
11,130642494,130643033,540,130642808,17.68,381650,6.90827,8.07455,p10_peak_3002
11,130869056,130869507,452,130869286,15.4,226023,6.12856,6.34126,p10_peak_3010
11,131503411,131503834,424,131503629,20.53,633904,8.04684,11.15768,p10_peak_3011
12,2420084,2420928,845,2420730,20.53,0,7.96285,11.02858,p10_peak_3054
12,5597309,5598646,1338,5597545,19.39,3176381,7.62056,10.11691,p10_peak_3077
12,5608501,5609791,1291,5609201,15.4,9855,6.12856,6.34126,p10_peak_3080
12,11948653,11949473,821,11949255,16.54,6338862,6.55485,7.24145,p10_peak_3122
12,11950137,11950729,593,11950452,19.39,664,7.62056,10.11691,p10_peak_3123
12,13132238,13133333,1096,13132436,19.39,1181509,7.62056,10.11691,p10_peak_3142
12,13348696,13349522,827,13349090,18.82,215363,6.11068,7.17969,p10_peak_3150
12,13361173,13361918,746,13361735,15.4,11651,6.12856,6.34126,p10_peak_3154
12,14410610,14411299,690,14410861,26.81,1048692,6.78901,11.5282,p10_peak_3159
12,15101510,15101877,368,15101711,15.4,690211,6.12856,6.34126,p10_peak_3161
12,26718587,26719116,530,26718790,16.54,11616710,6.55485,7.24145,p10_peak_3184
12,28722398,28722817,420,28722620,15.97,2003282,6.3417,6.34126,p10_peak_3200
12,43150627,43151091,465,43150896,15.4,14427810,6.12856,6.34126,p10_peak_3209
12,45653901,45654269,369,45654109,17.11,2502810,6.76799,8.15424,p10_peak_3215
12,46519030,46519404,375,46519174,30.23,864761,11.67026,22.68095,p10_peak_3218
12,46917912,46918499,588,46918180,15.4,398508,6.12856,6.34126,p10_peak_3228
12,54120597,54121875,1279,54121251,23.38,7202098,6.09579,9.18056,p10_peak_3283
12,58137981,58138597,617,58138422,24.52,4016106,6.18909,9.69205,p10_peak_3321
12,59478624,59479045,422,59478771,18.25,1340027,7.19427,9.11355,p10_peak_3338
12,64482284,64482835,552,64482531,15.97,5003239,6.3417,6.34126,p10_peak_3346
12,65927115,65927868,754,65927676,15.97,1444280,6.27551,6.29913,p10_peak_3355
12,65930786,65931813,1028,65931000,17.68,2918,6.22665,7.06685,p10_peak_3358
12,65958748,65960344,1597,65959939,19.96,26935,6.98708,8.83518,p10_peak_3360
12,65996852,65997650,799,65997428,17.11,36508,6.03654,7.06685,p10_peak_3362
12,66025114,66026324,1211,66025701,15.4,27464,6.12856,6.34126,p10_peak_3363
12,66285182,66286211,1030,66285778,18.25,258858,6.20656,7.60744,p10_peak_3373
12,66342190,66342983,794,66342516,17.11,55979,6.76799,8.15424,p10_peak_3379
12,68221697,68222219,523,68221957,18.82,1878714,7.40741,9.11355,p10_peak_3385
12,70291364,70292360,997,70291759,17.11,2069145,6.76799,8.15424,p10_peak_3397
12,86153195,86153669,475,86153431,19.96,15860835,7.8337,10.11691,p10_peak_3433
12,91572074,91572411,338,91572210,21.1,5418405,7.36729,10.74758,p10_peak_3445
12,93793020,93793377,358,93793200,20.53,2220609,6.46826,8.62855,p10_peak_3454
12,94179181,94179708,528,94179455,17.68,385804,6.98113,8.15424,p10_peak_3460
12,96048171,96048792,622,96048433,21.1,1868463,6.21538,8.79806,p10_peak_3471
12,96230524,96231876,1353,96231099,22.81,181732,8.89941,13.29311,p10_peak_3473
12,98442556,98443036,481,98442793,31.37,2210680,10.78922,21.6657,p10_peak_3479
12,105650999,105651912,914,105651129,18.25,7207963,7.19427,9.11355,p10_peak_3513
12,105916834,105917348,515,105917078,18.25,264922,7.19427,9.11355,p10_peak_3518
12,106416104,106416899,796,106416570,17.11,498756,6.76799,8.15424,p10_peak_3524
12,106468296,106468904,609,106468447,17.68,51397,6.90827,8.07455,p10_peak_3526
12,106473856,106474636,781,106474018,15.97,4952,6.3417,6.34126,p10_peak_3527
12,109117138,109117573,436,109117335,17.68,2642502,6.83646,7.9719,p10_peak_3556
12,110824821,110825444,624,110825095,85.55,1707248,21.63704,84.08459,p10_peak_3582
12,110841352,110842195,844,110841743,69.58,15908,11.03489,45.59041,p10_peak_3583
12,119195275,119195809,535,119195543,63.88,8353080,24.24565,69.24786,p10_peak_3617
12,124577251,124578088,838,124577641,90.11,5381442,18.22214,80.59115,p10_peak_3631
12,124923183,124924126,944,124923793,39.35,345095,6.72536,17.25107,p10_peak_3632
12,128052993,128053609,617,128053330,25.66,3128867,9.96512,16.67859,p10_peak_3640
12,132954364,132955015,652,132954853,16.54,4900755,6.55485,7.24145,p10_peak_3643
13,19642205,19642513,309,19642268,18.25,0,6.41676,7.94466,p10_peak_3646
13,24144246,24144896,651,24144517,19.39,4501733,7.62056,10.11691,p10_peak_3654
13,24722624,24723167,544,24722891,18.25,577728,7.19427,9.11355,p10_peak_3666
13,27825318,27825954,637,27825538,106.08,3102151,7.64855,52.7581,p10_peak_3674
13,28157114,28157609,496,28157374,33.65,331160,11.54965,24.05715,p10_peak_3676
13,30435494,30436180,687,30435920,16.54,2277885,6.55485,7.24145,p10_peak_3681
13,30476513,30476935,423,30476729,16.54,40333,6.48643,7.15465,p10_peak_3683
13,33112460,33113363,904,33113090,17.68,2635525,6.25166,7.09975,p10_peak_3712
13,37663833,37664307,475,37664085,19.96,4550470,6.98708,8.83518,p10_peak_3731
13,38923307,38924239,933,38923870,73,1259000,14.8716,58.94646,p10_peak_3735
13,39387606,39387892,287,39387663,17.68,463367,6.98113,8.15424,p10_peak_3736
13,42135639,42136927,1289,42136366,15.4,2747747,6.0646,6.29913,p10_peak_3743
13,42183915,42184273,359,42184090,15.4,46988,6.12856,6.34126,p10_peak_3745
13,42242258,42242627,370,42242435,15.4,57985,6.12856,6.34126,p10_peak_3750
13,45629421,45630654,1234,45630235,21.1,3386794,6.99781,10.11738,p10_peak_3776
13,49228310,49228672,363,49228431,21.1,3597656,8.25998,12.21211,p10_peak_3783
13,73009496,73009982,487,73009749,22.81,23780824,7.93761,11.75306,p10_peak_3803
13,80611828,80612212,385,80612023,15.4,7601846,6.12856,6.34126,p10_peak_3825
13,97784430,97784871,442,97784642,19.96,17172218,7.8337,10.11691,p10_peak_3839
13,98825570,98826433,864,98826098,19.39,1040699,6.76002,8.78529,p10_peak_3855
13,101103883,101104442,560,101104114,24.52,2277450,8.30529,13.47298,p10_peak_3871
13,109616083,109616773,691,109616495,17.68,8511641,6.98113,8.15424,p10_peak_3889
13,109894911,109896427,1517,109896121,16.54,278138,6.55485,7.24145,p10_peak_3894
13,110664089,110664717,629,110664530,19.96,767662,7.8337,10.11691,p10_peak_3897
13,110993448,110994215,768,110993774,20.53,328731,6.58055,8.81693,p10_peak_3936
13,111048697,111050457,1761,111049421,18.25,54482,6.41676,7.94466,p10_peak_3949
13,111491246,111491743,498,111491495,27.95,440789,10.81769,19.02382,p10_peak_3967
13,114211945,114212390,446,114212109,23.38,2720202,6.69646,10.2854,p10_peak_3974
14,21093279,21093736,458,21093502,19.96,0,6.40624,7.9484,p10_peak_3982
14,35866784,35869021,2238,35868265,37.07,14773048,8.11399,19.81696,p10_peak_4016
14,51863092,51864093,1002,51863349,22.24,15994071,8.68627,13.29311,p10_peak_4040
14,52006008,52006631,624,52006289,15.4,141915,6.12856,6.34126,p10_peak_4045
14,52006723,52007212,490,52006988,17.68,92,6.98113,8.15424,p10_peak_4046
14,52070618,52071027,410,52070800,15.4,63406,6.12856,6.34126,p10_peak_4050
14,52191683,52192096,414,52191939,15.97,120656,6.3417,6.34126,p10_peak_4060
14,52199261,52199734,474,52199464,18.82,7165,7.40741,9.11355,p10_peak_4061
14,52200371,52200715,345,52200518,15.97,637,6.3417,6.34126,p10_peak_4062
14,52201014,52201380,367,52201144,16.54,299,6.55485,7.24145,p10_peak_4063
14,52492228,52492851,624,52492361,16.54,290848,6.55485,7.24145,p10_peak_4069
14,53464869,53465373,505,53465147,15.97,972018,6.3417,6.34126,p10_peak_4080
14,54086539,54087345,807,54087079,15.4,621166,6.12856,6.34126,p10_peak_4094
14,55144949,55145473,525,55145220,31.37,1057604,6.47353,13.18786,p10_peak_4110
14,55152676,55153069,394,55152915,19.96,7203,6.63666,8.28407,p10_peak_4111
14,59198115,59198461,347,59198258,15.97,4045046,6.3417,6.34126,p10_peak_4148
14,59883768,59884209,442,59883993,17.68,685307,6.3728,7.26658,p10_peak_4157
14,61614349,61614885,537,61614609,25.09,1730140,6.79534,11.45561,p10_peak_4167
14,62004370,62004872,503,62004620,15.4,389485,6.12856,6.34126,p10_peak_4177
14,62013682,62014465,784,62013930,18.82,8810,7.40741,9.11355,p10_peak_4178
14,62052300,62053117,818,62052880,17.68,37835,6.98113,8.15424,p10_peak_4184
14,62053532,62053930,399,62053656,17.68,415,6.98113,8.15424,p10_peak_4185
14,63862035,63862527,493,63862296,19.96,1808105,6.51942,8.12408,p10_peak_4194
14,66077934,66078217,284,66077978,24.52,2215407,6.64682,10.54857,p10_peak_4206
14,68699050,68699728,679,68699210,15.4,2620833,6.12856,6.34126,p10_peak_4213
14,69065142,69065829,688,69065367,17.68,365414,6.98113,8.15424,p10_peak_4225
14,69511564,69512329,766,69511753,19.39,445735,6.02284,7.60496,p10_peak_4290
14,69573918,69574351,434,69574097,18.82,61589,6.6334,7.98036,p10_peak_4294
14,71472628,71473100,473,71472871,25.09,1898277,6.52353,10.93072,p10_peak_4309
14,73074092,73075656,1565,73075388,19.39,1600992,6.23194,7.9484,p10_peak_4314
14,77030964,77031390,427,77031150,15.4,3955308,6.12856,6.34126,p10_peak_4363
14,78549093,78549599,507,78549349,50.19,1517703,19.13023,49.81753,p10_peak_4375
14,81195359,81195694,336,81195468,20.53,2645760,7.17719,9.77342,p10_peak_4382
14,84864298,84864842,545,84864576,49.05,3668604,12.5119,36.59346,p10_peak_4385
14,89290412,89290982,571,89290819,67.87,4425570,6.1358,27.01969,p10_peak_4390
14,90311094,90311413,320,90311223,15.4,1020112,6.00156,6.21651,p10_peak_4408
14,90377819,90378272,454,90377999,15.4,66406,6.12856,6.34126,p10_peak_4410
14,100496964,100497921,958,100497175,17.11,10118692,6.00372,7.02431,p10_peak_4457
14,101091059,101091546,488,101091311,23.38,593138,9.11255,14.4017,p10_peak_4460
14,106874842,106875325,484,106875089,25.66,5783296,9.96512,16.67859,p10_peak_4466
15,30917493,30918355,863,30918148,91.82,0,8.43833,48.76622,p10_peak_4477
15,32906971,32907707,737,32907499,65.59,1988616,7.68192,32.41014,p10_peak_4481
15,32974647,32975604,958,32975429,15.4,66940,6.12856,6.34126,p10_peak_4482
15,33031831,33032454,624,33032012,17.11,56227,6.00372,7.02431,p10_peak_4484
15,35598538,35599333,796,35598737,17.68,2566084,6.98113,8.15424,p10_peak_4496
15,36649984,36650605,622,36650254,15.97,1050651,6.3417,6.34126,p10_peak_4498
15,36720345,36721147,803,36720616,19.39,69740,6.79697,8.83518,p10_peak_4499
15,38999946,39001077,1132,39000522,15.97,2278799,6.3417,6.34126,p10_peak_4511
15,39006345,39007116,772,39006704,19.96,5268,6.98708,8.83518,p10_peak_4512
15,39050420,39050752,333,39050537,16.54,43304,6.55485,7.24145,p10_peak_4515
15,39178846,39179413,568,39179129,17.11,128094,6.55956,7.87418,p10_peak_4518
15,39287491,39288175,685,39287760,15.4,108078,6.12856,6.34126,p10_peak_4521
15,39432165,39432829,665,39432570,20.53,143990,7.17719,9.77342,p10_peak_4526
15,39563008,39563979,972,39563391,17.68,130179,6.90827,8.07455,p10_peak_4531
15,39595855,39597460,1606,39597282,17.11,31876,6.76799,8.15424,p10_peak_4534
15,39764820,39765126,307,39764978,15.97,167360,6.3417,6.34126,p10_peak_4540
15,39877548,39882873,5326,39880527,46.2,112422,10.7069,30.65945,p10_peak_4548
15,39883245,39884107,863,39883526,37.07,372,12.74125,29.07639,p10_peak_4549
15,39884639,39886848,2210,39885007,34.22,532,11.73975,25.27184,p10_peak_4550
15,39887547,39888552,1006,39887890,28.52,699,11.03083,20.22957,p10_peak_4551
15,39889909,39890274,366,39890086,23.38,1357,9.11255,14.4017,p10_peak_4552
15,39891048,39891502,455,39891266,41.63,774,7.10557,19.02382,p10_peak_4553
15,39891595,39892080,486,39891847,30.8,93,10.59911,20.49693,p10_peak_4554
15,42222549,42223281,733,42222795,19.39,2330469,6.34204,8.12408,p10_peak_4576
15,45753829,45754362,534,45754090,46.2,3530548,13.48765,36.4716,p10_peak_4590
15,58624503,58625310,808,58625011,19.39,12870141,6.23194,7.9484,p10_peak_4635
15,59483835,59484322,488,59484041,17.11,858525,6.06079,7.09975,p10_peak_4644
15,60635392,60636540,1149,60636180,22.24,1151070,8.68627,13.29311,p10_peak_4649
15,60662543,60663891,1349,60663494,25.09,26003,7.8389,13.37019,p10_peak_4659
15,60683069,60683717,649,60683409,21.1,19178,6.75485,9.71677,p10_peak_4665
15,63220101,63221400,1300,63220937,22.81,2536384,6.39031,9.124,p10_peak_4680
15,63315389,63315767,379,63315536,17.11,93989,6.69735,8.07455,p10_peak_4684
15,63342025,63342691,667,63342415,29.09,26258,7.14776,13.89446,p10_peak_4688
15,63345089,63345961,873,63345268,27.95,2398,6.44212,11.19808,p10_peak_4691
15,63346082,63346833,752,63346547,29.09,121,7.52159,14.65076,p10_peak_4692
15,63349642,63350783,1142,63349890,19.96,2809,7.22104,9.17786,p10_peak_4696
15,63351586,63353972,2387,63352987,19.96,803,6.98708,8.83518,p10_peak_4697
15,63355545,63355965,421,63355683,17.68,1573,6.98113,8.15424,p10_peak_4698
15,63358441,63358790,350,63358622,16.54,2476,6.55485,7.24145,p10_peak_4701
15,63362832,63364682,1851,63363586,24.52,4042,7.73355,12.48951,p10_peak_4703
15,63367371,63369015,1645,63367826,29.66,2689,6.95478,13.22967,p10_peak_4705
15,63542569,63542954,386,63542767,21.67,173554,6.37576,8.79806,p10_peak_4712
15,67378505,67379174,670,67379057,20.53,3835551,6.05499,7.95818,p10_peak_4769
15,67422421,67425818,3398,67423180,18.82,43247,7.40741,9.11355,p10_peak_4795
15,67429175,67429548,374,67429411,18.82,3357,6.39044,7.60744,p10_peak_4798
15,67480707,67481341,635,67481131,24.52,51159,6.18909,9.69205,p10_peak_4829
15,67485744,67487382,1639,67487089,18.25,4403,6.50435,8.07486,p10_peak_4833
15,67488585,67491601,3017,67490891,30.8,1203,9.71801,18.94647,p10_peak_4835
15,67492120,67492600,481,67492359,21.1,519,8.25998,12.21211,p10_peak_4836
15,69545437,69545749,313,69545598,15.97,2052837,6.3417,6.34126,p10_peak_4855
15,69596802,69598020,1219,69597771,17.11,51053,6.11894,7.18936,p10_peak_4857
15,71587284,71588024,741,71587777,20.53,1989264,7.20601,9.81997,p10_peak_4889
15,71588631,71589113,483,71588896,24.52,607,8.5421,13.87581,p10_peak_4890
15,71595193,71595870,678,71595616,18.25,6080,7.19427,9.11355,p10_peak_4892
15,71625732,71626359,628,71626002,15.4,29862,6.12856,6.34126,p10_peak_4895
15,71666773,71667526,754,71667085,18.82,40414,6.27552,7.42533,p10_peak_4900
15,77436253,77437117,865,77436956,22.24,5768727,8.59561,13.15127,p10_peak_4927
15,80711720,80712245,526,80711923,15.97,3274603,6.3417,6.34126,p10_peak_4948
15,80841961,80842394,434,80842154,18.82,129716,7.40741,9.11355,p10_peak_4962
15,80842479,80843160,682,80842748,16.54,85,6.55485,7.24145,p10_peak_4963
15,86439562,86440754,1193,86440200,60.45,5596402,22.96679,64.64474,p10_peak_5029
15,88279583,88280054,472,88279785,17.68,1838829,6.22665,7.06685,p10_peak_5030
15,88359857,88360345,489,88360106,16.54,79803,6.55485,7.24145,p10_peak_5033
15,94841997,94842353,357,94842226,16.54,6481652,6.55485,7.24145,p10_peak_5059
15,95790443,95790853,411,95790631,16.54,948090,6.55485,7.24145,p10_peak_5060
15,99433161,99433894,734,99433360,21.1,3642308,6.63959,9.51487,p10_peak_5079
15,99439264,99440528,1265,99439540,22.24,5370,8.16673,12.44414,p10_peak_5080
16,16543089,16543578,490,16543324,21.1,0,7.36729,10.74758,p10_peak_5169
16,21780347,21781150,804,21780767,17.11,5236769,6.76799,8.15424,p10_peak_5187
16,27150268,27150692,425,27150496,33.08,5369118,6.81572,14.95406,p10_peak_5204
16,61802076,61802506,431,61802280,19.96,34651384,7.8337,10.11691,p10_peak_5267
16,65104870,65105468,599,65105152,17.68,3302364,6.98113,8.15424,p10_peak_5271
16,66186377,66187299,923,66187103,17.11,1080909,6.03654,7.06685,p10_peak_5284
16,66223173,66223891,719,66223377,17.68,35874,6.22665,7.06685,p10_peak_5286
16,66785427,66785854,428,66785639,111.78,561536,6.26572,46.23322,p10_peak_5292
16,70557403,70558180,778,70557684,47.91,3771549,6.0379,18.39107,p10_peak_5309
16,80231524,80231821,298,80231663,16.54,9673344,6.48643,7.15465,p10_peak_5331
16,86049770,86050451,682,86050296,15.97,5817949,6.27551,6.29913,p10_peak_5360
16,86396384,86396861,478,86396587,17.68,345933,6.43515,7.36331,p10_peak_5376
16,86618514,86620576,2063,86620295,22.81,221653,6.69652,9.66849,p10_peak_5393
16,87236404,87236910,507,87236659,30.8,615828,8.04263,15.81525,p10_peak_5409
17,2095114,2096710,1597,2095952,17.68,0,6.22665,7.06685,p10_peak_5455
17,6385120,6385601,482,6385363,26.81,4288410,7.8192,13.43624,p10_peak_5470
17,13319166,13319685,520,13319422,18.25,6933565,6.41676,7.94466,p10_peak_5499
17,15548676,15549282,607,15549097,22.24,2228991,7.10346,10.65859,p10_peak_5514
17,25773496,25774389,894,25774001,24.52,10224214,8.5421,13.87581,p10_peak_5549
17,29379163,29379955,793,29379444,17.68,3604774,6.3728,7.26658,p10_peak_5567
17,29596665,29597135,471,29596896,17.11,216710,6.69735,8.07455,p10_peak_5568
17,31270036,31271393,1358,31270989,15.97,1672901,6.3417,6.34126,p10_peak_5577
17,32581033,32582435,1403,32581825,20.53,1309640,6.58055,8.81693,p10_peak_5586
17,32584246,32586468,2223,32585495,43.91,1811,16.78567,39.8751,p10_peak_5588
17,39420539,39421007,469,39420772,21.1,6834071,8.00561,11.80528,p10_peak_5643
17,45000043,45000626,584,45000348,105.51,5579036,7.10063,48.96198,p10_peak_5685
17,47785256,47785693,438,47785463,106.65,2784630,6.33235,44.60107,p10_peak_5723
17,48255615,48262577,6963,48259279,68.44,469922,8.45409,36.79411,p10_peak_5728
17,53532552,53532990,439,53532745,23.95,5269975,6.23837,9.18056,p10_peak_5749
17,55558986,55560187,1202,55559449,15.97,2025996,6.3417,6.34126,p10_peak_5756
17,57922849,57924687,1839,57923303,50.76,2362662,9.10281,28.84108,p10_peak_5770
17,59399956,59400446,491,59400202,29.09,1475269,7.52159,14.65076,p10_peak_5786
17,62527974,62529080,1107,62528682,21.67,3127528,8.47313,12.21211,p10_peak_5810
17,62529687,62531793,2107,62530559,15.97,607,6.3417,6.34126,p10_peak_5811
17,64794672,64795545,874,64794946,76.99,2262879,6.49944,32.47012,p10_peak_5848
17,70403546,70404300,755,70403742,15.4,5608001,6.12856,6.34126,p10_peak_5878
17,71143942,71144683,742,71144289,58.74,739642,22.32737,61.62992,p10_peak_5889
17,77438097,77438590,494,77438357,45.06,6293414,15.41344,39.47823,p10_peak_5909
18,3593412,3593868,457,3593606,18.82,0,6.21959,7.3363,p10_peak_5932
18,10560210,10560590,381,10560397,16.54,6966342,6.48643,7.15465,p10_peak_5974
18,19889389,19889860,472,19889622,18.25,9328799,7.11918,9.0173,p10_peak_5989
18,20048213,20048916,704,20048490,18.25,158353,7.19427,9.11355,p10_peak_5995
18,22613312,22614014,703,22613731,77.56,2564396,26.18788,85.82107,p10_peak_6019
18,25694928,25695703,776,25695128,15.4,3080914,6.12856,6.34126,p10_peak_6029
18,32609161,32609558,398,32609310,16.54,6913458,6.55485,7.24145,p10_peak_6037
18,38655076,38655388,313,38655241,15.4,6045518,6.0646,6.29913,p10_peak_6042
18,45508886,45509318,433,45509103,18.25,6853498,7.19427,9.11355,p10_peak_6058
18,53068618,53069480,863,53069086,17.11,7559300,6.69735,8.07455,p10_peak_6079
18,56245769,56247200,1432,56245999,17.68,3176289,6.76614,7.87418,p10_peak_6094
18,57332052,57333692,1641,57333024,16.54,1084852,6.22491,6.77725,p10_peak_6108
18,60998299,60998787,489,60998540,25.09,3664607,8.69804,14.88725,p10_peak_6119
19,6069869,6070352,484,6070084,20.53,0,7.17719,9.77342,p10_peak_6165
19,7450610,7451010,401,7450822,21.67,1380258,6.58616,9.12876,p10_peak_6167
19,10946866,10947666,801,10947081,90.11,3495856,7.04755,41.83432,p10_peak_6174
19,29506507,29506892,386,29506648,15.4,18558841,6.12856,6.34126,p10_peak_6200
19,29938396,29938683,288,29938446,18.25,431504,7.19427,9.11355,p10_peak_6201
19,34882166,34883538,1373,34882950,42.2,4943483,6.17196,17.05516,p10_peak_6213
19,41903386,41903870,485,41903599,106.65,7019848,9.84004,63.5826,p10_peak_6231
19,43624708,43625180,473,43624963,16.54,1720838,6.55485,7.24145,p10_peak_6242
19,44100434,44101236,803,44100644,115.78,475254,9.03273,64.67956,p10_peak_6246
19,44616985,44617376,392,44617256,17.68,515749,6.49873,7.46247,p10_peak_6249
19,45106768,45107236,469,45107031,16.54,489392,6.1019,6.58479,p10_peak_6253
19,51001925,51003268,1344,51002874,32.51,5894689,8.92412,18.71018,p10_peak_6284
19,51307799,51308278,480,51308033,123.19,304531,8.48752,66.21426,p10_peak_6285
19,54009543,54009972,430,54009727,35.93,2701265,9.61724,21.49227,p10_peak_6292
20,9034919,9035296,378,9035162,21.1,0,6.87418,9.9197,p10_peak_7834
20,10903296,10904158,863,10904034,15.97,1868000,6.3417,6.34126,p10_peak_7846
20,18447693,18448274,582,18447948,113.49,7543535,7.97978,57.96703,p10_peak_7865
20,22776424,22776804,381,22776611,15.4,4328150,6.12856,6.34126,p10_peak_7874
20,30300420,30301845,1426,30301130,18.82,7523616,7.40741,9.11355,p10_peak_7884
20,34563034,34563407,374,34563188,27.38,4261189,7.09385,12.75511,p10_peak_7904
20,36156207,36156710,504,36156400,106.65,1592800,7.6543,52.56335,p10_peak_7913
20,36701703,36702586,884,36702361,16.54,544993,6.55485,7.24145,p10_peak_7917
20,45765862,45766319,458,45766078,16.54,9063276,6.28829,6.87172,p10_peak_7974
20,45978195,45978614,420,45978341,15.97,211876,6.27551,6.29913,p10_peak_7980
20,49744340,49745002,663,49744610,15.4,3765726,6.12856,6.34126,p10_peak_8026
20,57482675,57483060,386,57482934,15.4,7737673,6.12856,6.34126,p10_peak_8055
20,61085458,61085857,400,61085687,26.23,3602398,7.47961,13.11044,p10_peak_8057
21,28941530,28941987,458,28941791,15.97,0,6.3417,6.34126,p10_peak_8074
21,29073476,29073821,346,29073584,15.4,131489,6.0646,6.29913,p10_peak_8076
21,34144010,34144568,559,34144243,95.81,5070189,8.84953,52.7873,p10_peak_8095
21,34949849,34950186,338,34949975,21.1,805281,7.36729,10.74758,p10_peak_8098
21,36157746,36159231,1486,36158192,17.11,1207560,6.42732,7.66423,p10_peak_8103
21,36208222,36209682,1461,36209021,21.67,48991,7.11441,10.02533,p10_peak_8117
21,36355919,36356321,403,36356143,16.54,146237,6.28829,6.87172,p10_peak_8128
21,36628744,36629321,578,36628981,19.39,272423,7.62056,10.11691,p10_peak_8136
21,36946263,36946612,350,36946418,15.4,316942,6.12856,6.34126,p10_peak_8142
21,37869130,37869645,516,37869388,23.38,922518,7.7201,12.08777,p10_peak_8146
21,40114921,40115421,501,40115171,35.93,2245276,13.80168,29.06362,p10_peak_8159
21,40145073,40145461,389,40145228,18.25,29652,6.41676,7.94466,p10_peak_8160
21,43421996,43422365,370,43422162,17.11,3276535,6.76799,8.15424,p10_peak_8176
21,47552962,47554731,1770,47554372,61.59,4130597,8.50286,33.15749,p10_peak_8198
22,25489507,25490012,506,25489777,45.06,0,7.67589,22.72104,p10_peak_8216
22,25614492,25614955,464,25614711,25.66,124480,8.92384,14.94778,p10_peak_8217
22,27502898,27504297,1400,27503897,15.4,1887943,6.12856,6.34126,p10_peak_8222
22,29515927,29516456,530,29516174,41.63,2011630,10.65836,27.28102,p10_peak_8248
22,30214209,30214680,472,30214463,18.25,697753,6.44253,7.98036,p10_peak_8252
22,30987185,30988294,1110,30988041,96.95,772505,14.66386,74.9038,p10_peak_8265
22,33237069,33237534,466,33237262,15.4,2248775,6.12856,6.34126,p10_peak_8294
22,33259941,33260453,513,33260186,15.4,22407,6.12856,6.34126,p10_peak_8305
22,33260588,33262127,1540,33260825,19.96,135,7.8337,10.11691,p10_peak_8306
22,34199424,34200127,704,34199692,15.4,937297,6.12856,6.34126,p10_peak_8307
22,34792385,34792921,537,34792656,52.47,592258,19.9828,52.73384,p10_peak_8309
22,37724570,37725402,833,37725145,84.98,2931649,14.61015,65.86153,p10_peak_8355
22,38882096,38882439,344,38882306,15.4,1156694,6.12856,6.34126,p10_peak_8366
22,40403277,40403800,524,40403520,32.51,1520838,8.37707,17.631,p10_peak_8378
22,44518173,44518666,494,44518428,33.08,4114373,8.51965,18.64943,p10_peak_8394
22,51082105,51082606,502,51082338,22.24,6563439,7.74751,11.75306,p10_peak_8406
X,18644781,18645084,304,18644846,19.39,0,7.62056,10.11691,p10_peak_13527
X,25833189,25833653,465,25833397,18.82,7188105,7.40741,9.11355,p10_peak_13531
X,45629674,45630252,579,45630089,15.97,19796021,6.3417,6.34126,p10_peak_13541
X,47446547,47448433,1887,47447826,31.94,1816295,9.97999,19.90213,p10_peak_13547
X,47695616,47696042,427,47695824,17.68,247183,6.90827,8.07455,p10_peak_13548
X,53039432,53039897,466,53039665,24.52,5343390,6.38095,10.05426,p10_peak_13549
X,53935217,53935584,368,53935406,21.1,895320,6.75485,9.71677,p10_peak_13551
X,54062811,54063292,482,54063053,21.67,127227,7.51631,10.68315,p10_peak_13552
X,71401341,71401820,480,71401544,58.17,17338049,9.86212,35.74271,p10_peak_13554
X,95304189,95304474,286,95304244,17.68,23902369,6.22665,7.06685,p10_peak_13556
X,124484870,124485367,498,124485124,35.93,29180396,12.31007,26.49681,p10_peak_13563
X,132795436,132795890,455,132795659,23.95,8310069,9.32569,14.4017,p10_peak_13564
X,151140117,151140593,477,151140347,18.82,18344227,6.60686,7.94466,p10_peak_13568